game_id,home_team,away_team,home_score,away_score,true_percentage
2018_01_ATL_PHI,PHI,ATL,18,12,67
2018_01_BUF_BAL,BAL,BUF,47,3,6
2018_01_CHI_GB,GB,CHI,24,23,96
2018_01_CIN_IND,IND,CIN,23,34,68
2018_01_DAL_CAR,CAR,DAL,16,8,50
2018_01_HOU_NE,NE,HOU,27,20,74
2018_01_JAX_NYG,NYG,JAX,15,20,75
2018_01_KC_LAC,LAC,KC,28,38,74
2018_01_LA_OAK,OAK,LA,13,33,39
2018_01_NYJ_DET,DET,NYJ,17,48,35
2018_01_PIT_CLE,CLE,PIT,21,21,100
2018_01_SEA_DEN,DEN,SEA,27,24,89
2018_01_SF_MIN,MIN,SF,24,16,67
2018_01_TB_NO,NO,TB,40,48,83
2018_01_TEN_MIA,MIA,TEN,27,20,74
2018_01_WAS_ARI,ARI,WAS,6,24,25
2018_02_ARI_LA,LA,ARI,34,0,0
2018_02_BAL_CIN,CIN,BAL,34,23,68
2018_02_CAR_ATL,ATL,CAR,31,24,77
2018_02_CLE_NO,NO,CLE,21,18,86
2018_02_DET_SF,SF,DET,30,27,90
2018_02_HOU_TEN,TEN,HOU,20,17,85
2018_02_IND_WAS,WAS,IND,9,21,43
2018_02_KC_PIT,PIT,KC,37,42,88
2018_02_LAC_BUF,BUF,LAC,20,31,65
2018_02_MIA_NYJ,NYJ,MIA,12,20,60
2018_02_MIN_GB,GB,MIN,29,29,100
2018_02_NE_JAX,JAX,NE,31,20,65
2018_02_NYG_DAL,DAL,NYG,20,13,65
2018_02_OAK_DEN,DEN,OAK,20,19,95
2018_02_PHI_TB,TB,PHI,27,21,78
2018_02_SEA_CHI,CHI,SEA,24,17,71
2018_03_BUF_MIN,MIN,BUF,6,27,22
2018_03_CHI_ARI,ARI,CHI,14,16,88
2018_03_CIN_CAR,CAR,CIN,31,21,68
2018_03_DAL_SEA,SEA,DAL,24,13,54
2018_03_DEN_BAL,BAL,DEN,27,14,52
2018_03_GB_WAS,WAS,GB,31,17,55
2018_03_IND_PHI,PHI,IND,20,16,80
2018_03_LAC_LA,LA,LAC,35,23,66
2018_03_NE_DET,DET,NE,26,10,38
2018_03_NO_ATL,ATL,NO,37,43,86
2018_03_NYG_HOU,HOU,NYG,22,27,81
2018_03_NYJ_CLE,CLE,NYJ,21,17,81
2018_03_OAK_MIA,MIA,OAK,28,20,71
2018_03_PIT_TB,TB,PIT,27,30,90
2018_03_SF_KC,KC,SF,38,27,71
2018_03_TEN_JAX,JAX,TEN,6,9,67
2018_04_BAL_PIT,PIT,BAL,14,26,54
2018_04_BUF_GB,GB,BUF,22,0,0
2018_04_CIN_ATL,ATL,CIN,36,37,97
2018_04_CLE_OAK,OAK,CLE,45,42,93
2018_04_DET_DAL,DAL,DET,26,24,92
2018_04_HOU_IND,IND,HOU,34,37,92
2018_04_KC_DEN,DEN,KC,23,27,85
2018_04_MIA_NE,NE,MIA,38,7,18
2018_04_MIN_LA,LA,MIN,38,31,82
2018_04_NO_NYG,NYG,NO,18,33,55
2018_04_NYJ_JAX,JAX,NYJ,31,12,39
2018_04_PHI_TEN,TEN,PHI,26,23,88
2018_04_SEA_ARI,ARI,SEA,17,20,85
2018_04_SF_LAC,LAC,SF,29,27,93
2018_04_TB_CHI,CHI,TB,48,10,21
2018_05_ARI_SF,SF,ARI,18,28,64
2018_05_ATL_PIT,PIT,ATL,41,17,41
2018_05_BAL_CLE,CLE,BAL,12,9,75
2018_05_DAL_HOU,HOU,DAL,19,16,84
2018_05_DEN_NYJ,NYJ,DEN,34,16,47
2018_05_GB_DET,DET,GB,31,23,74
2018_05_IND_NE,NE,IND,38,24,63
2018_05_JAX_KC,KC,JAX,30,14,47
2018_05_LA_SEA,SEA,LA,31,33,94
2018_05_MIA_CIN,CIN,MIA,27,17,63
2018_05_MIN_PHI,PHI,MIN,21,23,91
2018_05_NYG_CAR,CAR,NYG,33,31,94
2018_05_OAK_LAC,LAC,OAK,26,10,38
2018_05_TEN_BUF,BUF,TEN,13,12,92
2018_05_WAS_NO,NO,WAS,43,19,44
2018_06_ARI_MIN,MIN,ARI,27,17,63
2018_06_BAL_TEN,TEN,BAL,0,21,0
2018_06_BUF_HOU,HOU,BUF,20,13,65
2018_06_CAR_WAS,WAS,CAR,23,17,74
2018_06_CHI_MIA,MIA,CHI,31,28,90
2018_06_IND_NYJ,NYJ,IND,42,34,81
2018_06_JAX_DAL,DAL,JAX,40,7,18
2018_06_KC_NE,NE,KC,43,40,93
2018_06_LA_DEN,DEN,LA,20,23,87
2018_06_LAC_CLE,CLE,LAC,14,38,37
2018_06_PHI_NYG,NYG,PHI,13,34,38
2018_06_PIT_CIN,CIN,PIT,21,28,75
2018_06_SEA_OAK,OAK,SEA,3,27,11
2018_06_SF_GB,GB,SF,33,30,91
2018_06_TB_ATL,ATL,TB,34,29,85
2018_07_BUF_IND,IND,BUF,37,5,14
2018_07_CAR_PHI,PHI,CAR,17,21,81
2018_07_CIN_KC,KC,CIN,45,10,22
2018_07_CLE_TB,TB,CLE,26,23,88
2018_07_DAL_WAS,WAS,DAL,20,17,85
2018_07_DEN_ARI,ARI,DEN,10,45,22
2018_07_DET_MIA,MIA,DET,21,32,66
2018_07_HOU_JAX,JAX,HOU,7,20,35
2018_07_LA_SF,SF,LA,10,39,26
2018_07_MIN_NYJ,NYJ,MIN,17,37,46
2018_07_NE_CHI,CHI,NE,31,38,82
2018_07_NO_BAL,BAL,NO,23,24,96
2018_07_NYG_ATL,ATL,NYG,23,20,87
2018_07_TEN_LAC,LAC,TEN,20,19,95
2018_08_BAL_CAR,CAR,BAL,36,21,58
2018_08_CLE_PIT,PIT,CLE,33,18,55
2018_08_DEN_KC,KC,DEN,30,23,77
2018_08_GB_LA,LA,GB,29,27,93
2018_08_IND_OAK,OAK,IND,28,42,67
2018_08_MIA_HOU,HOU,MIA,42,23,55
2018_08_NE_BUF,BUF,NE,6,25,24
2018_08_NO_MIN,MIN,NO,20,30,67
2018_08_NYJ_CHI,CHI,NYJ,24,10,42
2018_08_PHI_JAX,JAX,PHI,18,24,75
2018_08_SEA_DET,DET,SEA,14,28,50
2018_08_SF_ARI,ARI,SF,18,15,83
2018_08_TB_CIN,CIN,TB,37,34,92
2018_08_WAS_NYG,NYG,WAS,13,20,65
2018_09_ATL_WAS,WAS,ATL,14,38,37
2018_09_CHI_BUF,BUF,CHI,9,41,22
2018_09_DET_MIN,MIN,DET,24,9,38
2018_09_GB_NE,NE,GB,31,17,55
2018_09_HOU_DEN,DEN,HOU,17,19,89
2018_09_KC_CLE,CLE,KC,21,37,57
2018_09_LA_NO,NO,LA,45,35,78
2018_09_LAC_SEA,SEA,LAC,17,25,68
2018_09_NYJ_MIA,MIA,NYJ,13,6,46
2018_09_OAK_SF,SF,OAK,34,3,9
2018_09_PIT_BAL,BAL,PIT,16,23,70
2018_09_TB_CAR,CAR,TB,42,28,67
2018_09_TEN_DAL,DAL,TEN,14,28,50
2018_10_ARI_KC,KC,ARI,26,14,54
2018_10_ATL_CLE,CLE,ATL,28,16,57
2018_10_BUF_NYJ,NYJ,BUF,10,41,24
2018_10_CAR_PIT,PIT,CAR,52,21,40
2018_10_DAL_PHI,PHI,DAL,20,27,74
2018_10_DET_CHI,CHI,DET,34,22,65
2018_10_JAX_IND,IND,JAX,29,26,90
2018_10_LAC_OAK,OAK,LAC,6,20,30
2018_10_MIA_GB,GB,MIA,31,12,39
2018_10_NE_TEN,TEN,NE,34,10,29
2018_10_NO_CIN,CIN,NO,14,51,27
2018_10_NYG_SF,SF,NYG,23,27,85
2018_10_SEA_LA,LA,SEA,36,31,86
2018_10_WAS_TB,TB,WAS,3,16,19
2018_11_CAR_DET,DET,CAR,20,19,95
2018_11_CIN_BAL,BAL,CIN,24,21,88
2018_11_DAL_ATL,ATL,DAL,19,22,86
2018_11_DEN_LAC,LAC,DEN,22,23,96
2018_11_GB_SEA,SEA,GB,27,24,89
2018_11_HOU_WAS,WAS,HOU,21,23,91
2018_11_KC_LA,LA,KC,54,51,94
2018_11_MIN_CHI,CHI,MIN,25,20,80
2018_11_OAK_ARI,ARI,OAK,21,23,91
2018_11_PHI_NO,NO,PHI,48,7,15
2018_11_PIT_JAX,JAX,PIT,16,20,80
2018_11_TB_NYG,NYG,TB,38,35,92
2018_11_TEN_IND,IND,TEN,38,10,26
2018_12_ARI_LAC,LAC,ARI,45,10,22
2018_12_ATL_NO,NO,ATL,31,17,55
2018_12_CHI_DET,DET,CHI,16,23,70
2018_12_CLE_CIN,CIN,CLE,20,35,57
2018_12_GB_MIN,MIN,GB,24,17,71
2018_12_JAX_BUF,BUF,JAX,24,21,88
2018_12_MIA_IND,IND,MIA,27,24,89
2018_12_NE_NYJ,NYJ,NE,13,27,48
2018_12_NYG_PHI,PHI,NYG,25,22,88
2018_12_OAK_BAL,BAL,OAK,34,17,50
2018_12_PIT_DEN,DEN,PIT,24,17,71
2018_12_SEA_CAR,CAR,SEA,27,30,90
2018_12_SF_TB,TB,SF,27,9,33
2018_12_TEN_HOU,HOU,TEN,34,17,50
2018_12_WAS_DAL,DAL,WAS,31,23,74
2018_13_ARI_GB,GB,ARI,17,20,85
2018_13_BAL_ATL,ATL,BAL,16,26,62
2018_13_BUF_MIA,MIA,BUF,21,17,81
2018_13_CAR_TB,TB,CAR,24,17,71
2018_13_CHI_NYG,NYG,CHI,30,27,90
2018_13_CLE_HOU,HOU,CLE,29,13,45
2018_13_DEN_CIN,CIN,DEN,10,24,42
2018_13_IND_JAX,JAX,IND,6,0,0
2018_13_KC_OAK,OAK,KC,33,40,83
2018_13_LA_DET,DET,LA,16,30,53
2018_13_LAC_PIT,PIT,LAC,30,33,91
2018_13_MIN_NE,NE,MIN,24,10,42
2018_13_NO_DAL,DAL,NO,13,10,77
2018_13_NYJ_TEN,TEN,NYJ,26,22,85
2018_13_SF_SEA,SEA,SF,43,16,37
2018_13_WAS_PHI,PHI,WAS,28,13,46
2018_14_ATL_GB,GB,ATL,34,20,59
2018_14_BAL_KC,KC,BAL,27,24,89
2018_14_CAR_CLE,CLE,CAR,26,20,77
2018_14_CIN_LAC,LAC,CIN,26,21,81
2018_14_DEN_SF,SF,DEN,20,14,70
2018_14_DET_ARI,ARI,DET,3,17,18
2018_14_IND_HOU,HOU,IND,21,24,88
2018_14_JAX_TEN,TEN,JAX,30,9,30
2018_14_LA_CHI,CHI,LA,15,6,40
2018_14_MIN_SEA,SEA,MIN,21,7,33
2018_14_NE_MIA,MIA,NE,34,33,97
2018_14_NO_TB,TB,NO,14,28,50
2018_14_NYG_WAS,WAS,NYG,16,40,40
2018_14_NYJ_BUF,BUF,NYJ,23,27,85
2018_14_PHI_DAL,DAL,PHI,29,23,79
2018_14_PIT_OAK,OAK,PIT,24,21,88
2018_15_ARI_ATL,ATL,ARI,40,14,35
2018_15_CLE_DEN,DEN,CLE,16,17,94
2018_15_DAL_IND,IND,DAL,23,0,0
2018_15_DET_BUF,BUF,DET,14,13,93
2018_15_GB_CHI,CHI,GB,24,17,71
2018_15_HOU_NYJ,NYJ,HOU,22,29,76
2018_15_LAC_KC,KC,LAC,28,29,97
2018_15_MIA_MIN,MIN,MIA,41,17,41
2018_15_NE_PIT,PIT,NE,17,10,59
2018_15_NO_CAR,CAR,NO,9,12,75
2018_15_OAK_CIN,CIN,OAK,30,16,53
2018_15_PHI_LA,LA,PHI,23,30,77
2018_15_SEA_SF,SF,SEA,26,23,88
2018_15_TB_BAL,BAL,TB,20,12,60
2018_15_TEN_NYG,NYG,TEN,0,17,0
2018_15_WAS_JAX,JAX,WAS,13,16,81
2018_16_ATL_CAR,CAR,ATL,10,24,42
2018_16_BAL_LAC,LAC,BAL,10,22,45
2018_16_BUF_NE,NE,BUF,24,12,50
2018_16_CHI_SF,SF,CHI,9,14,64
2018_16_CIN_CLE,CLE,CIN,26,18,69
2018_16_DEN_OAK,OAK,DEN,27,14,52
2018_16_GB_NYJ,NYJ,GB,38,44,86
2018_16_HOU_PHI,PHI,HOU,32,30,94
2018_16_JAX_MIA,MIA,JAX,7,17,41
2018_16_KC_SEA,SEA,KC,38,31,82
2018_16_LA_ARI,ARI,LA,9,31,29
2018_16_MIN_DET,DET,MIN,9,27,33
2018_16_NYG_IND,IND,NYG,28,27,96
2018_16_PIT_NO,NO,PIT,31,28,90
2018_16_TB_DAL,DAL,TB,27,20,74
2018_16_WAS_TEN,TEN,WAS,25,16,64
2018_17_ARI_SEA,SEA,ARI,27,24,89
2018_17_ATL_TB,TB,ATL,32,34,94
2018_17_CAR_NO,NO,CAR,14,33,42
2018_17_CHI_MIN,MIN,CHI,10,24,42
2018_17_CIN_PIT,PIT,CIN,16,13,81
2018_17_CLE_BAL,BAL,CLE,26,24,92
2018_17_DAL_NYG,NYG,DAL,35,36,97
2018_17_DET_GB,GB,DET,0,31,0
2018_17_IND_TEN,TEN,IND,17,33,52
2018_17_JAX_HOU,HOU,JAX,20,3,15
2018_17_LAC_DEN,DEN,LAC,9,23,39
2018_17_MIA_BUF,BUF,MIA,42,17,40
2018_17_NYJ_NE,NE,NYJ,38,3,8
2018_17_OAK_KC,KC,OAK,35,3,9
2018_17_PHI_WAS,WAS,PHI,0,24,0
2018_17_SF_LA,LA,SF,48,32,67
2018_18_IND_HOU,HOU,IND,7,21,33
2018_18_LAC_BAL,BAL,LAC,17,23,74
2018_18_PHI_CHI,CHI,PHI,15,16,94
2018_18_SEA_DAL,DAL,SEA,24,22,92
2018_19_DAL_LA,LA,DAL,30,22,73
2018_19_IND_KC,KC,IND,31,13,42
2018_19_LAC_NE,NE,LAC,41,28,68
2018_19_PHI_NO,NO,PHI,20,14,70
2018_20_LA_NO,NO,LA,23,26,88
2018_20_NE_KC,KC,NE,31,37,84
2018_21_NE_LA,LA,NE,3,13,23
2019_01_ATL_MIN,MIN,ATL,28,12,43
2019_01_BAL_MIA,MIA,BAL,10,59,17
2019_01_BUF_NYJ,NYJ,BUF,16,17,94
2019_01_CIN_SEA,SEA,CIN,21,20,95
2019_01_DEN_OAK,OAK,DEN,24,16,67
2019_01_DET_ARI,ARI,DET,27,27,100
2019_01_GB_CHI,CHI,GB,3,10,30
2019_01_HOU_NO,NO,HOU,30,28,93
2019_01_IND_LAC,LAC,IND,30,24,80
2019_01_KC_JAX,JAX,KC,26,40,65
2019_01_LA_CAR,CAR,LA,27,30,90
2019_01_NYG_DAL,DAL,NYG,35,17,49
2019_01_PIT_NE,NE,PIT,33,3,9
2019_01_SF_TB,TB,SF,17,31,55
2019_01_TEN_CLE,CLE,TEN,13,43,30
2019_01_WAS_PHI,PHI,WAS,32,27,84
2019_02_ARI_BAL,BAL,ARI,23,17,74
2019_02_BUF_NYG,NYG,BUF,14,28,50
2019_02_CHI_DEN,DEN,CHI,14,16,88
2019_02_CLE_NYJ,NYJ,CLE,3,23,13
2019_02_DAL_WAS,WAS,DAL,21,31,68
2019_02_IND_TEN,TEN,IND,17,19,89
2019_02_JAX_HOU,HOU,JAX,13,12,92
2019_02_KC_OAK,OAK,KC,10,28,36
2019_02_LAC_DET,DET,LAC,13,10,77
2019_02_MIN_GB,GB,MIN,21,16,76
2019_02_NE_MIA,MIA,NE,0,43,0
2019_02_NO_LA,LA,NO,27,9,33
2019_02_PHI_ATL,ATL,PHI,24,20,83
2019_02_SEA_PIT,PIT,SEA,26,28,93
2019_02_SF_CIN,CIN,SF,17,41,41
2019_02_TB_CAR,CAR,TB,14,20,70
2019_03_ATL_IND,IND,ATL,27,24,89
2019_03_BAL_KC,KC,BAL,33,28,85
2019_03_CAR_ARI,ARI,CAR,20,38,53
2019_03_CHI_WAS,WAS,CHI,15,31,48
2019_03_CIN_BUF,BUF,CIN,21,17,81
2019_03_DEN_GB,GB,DEN,27,16,59
2019_03_DET_PHI,PHI,DET,24,27,89
2019_03_HOU_LAC,LAC,HOU,20,27,74
2019_03_LA_CLE,CLE,LA,13,20,65
2019_03_MIA_DAL,DAL,MIA,31,6,19
2019_03_NO_SEA,SEA,NO,27,33,82
2019_03_NYG_TB,TB,NYG,31,32,97
2019_03_NYJ_NE,NE,NYJ,30,14,47
2019_03_OAK_MIN,MIN,OAK,34,14,41
2019_03_PIT_SF,SF,PIT,24,20,83
2019_03_TEN_JAX,JAX,TEN,20,7,35
2019_04_CAR_HOU,HOU,CAR,10,16,63
2019_04_CIN_PIT,PIT,CIN,27,3,11
2019_04_CLE_BAL,BAL,CLE,25,40,63
2019_04_DAL_NO,NO,DAL,12,10,83
2019_04_JAX_DEN,DEN,JAX,24,26,92
2019_04_KC_DET,DET,KC,30,34,88
2019_04_LAC_MIA,MIA,LAC,10,30,33
2019_04_MIN_CHI,CHI,MIN,16,6,38
2019_04_NE_BUF,BUF,NE,10,16,63
2019_04_OAK_IND,IND,OAK,24,31,77
2019_04_PHI_GB,GB,PHI,27,34,79
2019_04_SEA_ARI,ARI,SEA,10,27,37
2019_04_TB_LA,LA,TB,40,55,73
2019_04_TEN_ATL,ATL,TEN,10,24,42
2019_04_WAS_NYG,NYG,WAS,24,3,13
2019_05_ARI_CIN,CIN,ARI,23,26,88
2019_05_ATL_HOU,HOU,ATL,53,32,60
2019_05_BAL_PIT,PIT,BAL,23,26,88
2019_05_BUF_TEN,TEN,BUF,7,14,50
2019_05_CHI_OAK,OAK,CHI,24,21,88
2019_05_CLE_SF,SF,CLE,31,3,10
2019_05_DEN_LAC,LAC,DEN,13,20,65
2019_05_GB_DAL,DAL,GB,24,34,71
2019_05_IND_KC,KC,IND,13,19,68
2019_05_JAX_CAR,CAR,JAX,34,27,79
2019_05_LA_SEA,SEA,LA,30,29,97
2019_05_MIN_NYG,NYG,MIN,10,28,36
2019_05_NE_WAS,WAS,NE,7,33,21
2019_05_NYJ_PHI,PHI,NYJ,31,6,19
2019_05_TB_NO,NO,TB,31,24,77
2019_06_ATL_ARI,ARI,ATL,34,33,97
2019_06_CAR_TB,TB,CAR,26,37,70
2019_06_CIN_BAL,BAL,CIN,23,17,74
2019_06_DAL_NYJ,NYJ,DAL,24,22,92
2019_06_DET_GB,GB,DET,23,22,96
2019_06_HOU_KC,KC,HOU,24,31,77
2019_06_NO_JAX,JAX,NO,6,13,46
2019_06_NYG_NE,NE,NYG,35,14,40
2019_06_PHI_MIN,MIN,PHI,38,20,53
2019_06_PIT_LAC,LAC,PIT,17,24,71
2019_06_SEA_CLE,CLE,SEA,28,32,88
2019_06_SF_LA,LA,SF,7,20,35
2019_06_TEN_DEN,DEN,TEN,16,0,0
2019_06_WAS_MIA,MIA,WAS,16,17,94
2019_07_ARI_NYG,NYG,ARI,21,27,78
2019_07_BAL_SEA,SEA,BAL,16,30,53
2019_07_HOU_IND,IND,HOU,30,23,77
2019_07_JAX_CIN,CIN,JAX,17,27,63
2019_07_KC_DEN,DEN,KC,6,30,20
2019_07_LA_ATL,ATL,LA,10,37,27
2019_07_LAC_TEN,TEN,LAC,23,20,87
2019_07_MIA_BUF,BUF,MIA,31,21,68
2019_07_MIN_DET,DET,MIN,30,42,71
2019_07_NE_NYJ,NYJ,NE,0,33,0
2019_07_NO_CHI,CHI,NO,25,36,69
2019_07_OAK_GB,GB,OAK,42,24,57
2019_07_PHI_DAL,DAL,PHI,37,10,27
2019_07_SF_WAS,WAS,SF,0,9,0
2019_08_ARI_NO,NO,ARI,31,9,29
2019_08_CAR_SF,SF,CAR,51,13,25
2019_08_CIN_LA,LA,CIN,24,10,42
2019_08_CLE_NE,NE,CLE,27,13,48
2019_08_DEN_IND,IND,DEN,15,13,87
2019_08_GB_KC,KC,GB,24,31,77
2019_08_LAC_CHI,CHI,LAC,16,17,94
2019_08_MIA_PIT,PIT,MIA,27,14,52
2019_08_NYG_DET,DET,NYG,31,26,84
2019_08_NYJ_JAX,JAX,NYJ,29,15,52
2019_08_OAK_HOU,HOU,OAK,27,24,89
2019_08_PHI_BUF,BUF,PHI,13,31,42
2019_08_SEA_ATL,ATL,SEA,20,27,74
2019_08_TB_TEN,TEN,TB,27,23,85
2019_08_WAS_MIN,MIN,WAS,19,9,47
2019_09_CHI_PHI,PHI,CHI,22,14,64
2019_09_CLE_DEN,DEN,CLE,24,19,79
2019_09_DAL_NYG,NYG,DAL,18,37,49
2019_09_DET_OAK,OAK,DET,31,24,77
2019_09_GB_LAC,LAC,GB,26,11,42
2019_09_HOU_JAX,JAX,HOU,3,26,12
2019_09_IND_PIT,PIT,IND,26,24,92
2019_09_MIN_KC,KC,MIN,26,23,88
2019_09_NE_BAL,BAL,NE,37,20,54
2019_09_NYJ_MIA,MIA,NYJ,26,18,69
2019_09_SF_ARI,ARI,SF,25,28,89
2019_09_TB_SEA,SEA,TB,40,34,85
2019_09_TEN_CAR,CAR,TEN,30,20,67
2019_09_WAS_BUF,BUF,WAS,24,9,38
2019_10_ARI_TB,TB,ARI,30,27,90
2019_10_ATL_NO,NO,ATL,9,26,35
2019_10_BAL_CIN,CIN,BAL,13,49,27
2019_10_BUF_CLE,CLE,BUF,19,16,84
2019_10_CAR_GB,GB,CAR,24,16,67
2019_10_DET_CHI,CHI,DET,20,13,65
2019_10_KC_TEN,TEN,KC,35,32,91
2019_10_LA_PIT,PIT,LA,17,12,71
2019_10_LAC_OAK,OAK,LAC,26,24,92
2019_10_MIA_IND,IND,MIA,12,16,75
2019_10_MIN_DAL,DAL,MIN,24,28,86
2019_10_NYG_NYJ,NYJ,NYG,34,27,79
2019_10_SEA_SF,SF,SEA,24,27,89
2019_11_ARI_SF,SF,ARI,36,26,72
2019_11_ATL_CAR,CAR,ATL,3,29,10
2019_11_BUF_MIA,MIA,BUF,20,37,54
2019_11_CHI_LA,LA,CHI,17,7,41
2019_11_CIN_OAK,OAK,CIN,17,10,59
2019_11_DAL_DET,DET,DAL,27,35,77
2019_11_DEN_MIN,MIN,DEN,27,23,85
2019_11_HOU_BAL,BAL,HOU,41,7,17
2019_11_JAX_IND,IND,JAX,33,13,39
2019_11_KC_LAC,LAC,KC,17,24,71
2019_11_NE_PHI,PHI,NE,10,17,59
2019_11_NO_TB,TB,NO,17,34,50
2019_11_NYJ_WAS,WAS,NYJ,17,34,50
2019_11_PIT_CLE,CLE,PIT,21,7,33
2019_12_BAL_LA,LA,BAL,6,45,13
2019_12_CAR_NO,NO,CAR,34,31,91
2019_12_DAL_NE,NE,DAL,13,9,69
2019_12_DEN_BUF,BUF,DEN,20,3,15
2019_12_DET_WAS,WAS,DET,19,16,84
2019_12_GB_SF,SF,GB,37,8,22
2019_12_IND_HOU,HOU,IND,20,17,85
2019_12_JAX_TEN,TEN,JAX,42,20,48
2019_12_MIA_CLE,CLE,MIA,41,24,59
2019_12_NYG_CHI,CHI,NYG,19,14,74
2019_12_OAK_NYJ,NYJ,OAK,34,3,9
2019_12_PIT_CIN,CIN,PIT,10,16,63
2019_12_SEA_PHI,PHI,SEA,9,17,53
2019_12_TB_ATL,ATL,TB,22,35,63
2019_13_BUF_DAL,DAL,BUF,15,26,58
2019_13_CHI_DET,DET,CHI,20,24,83
2019_13_CLE_PIT,PIT,CLE,20,13,65
2019_13_GB_NYG,NYG,GB,13,31,42
2019_13_LA_ARI,ARI,LA,7,34,21
2019_13_LAC_DEN,DEN,LAC,23,20,87
2019_13_MIN_SEA,SEA,MIN,37,30,81
2019_13_NE_HOU,HOU,NE,28,22,79
2019_13_NO_ATL,ATL,NO,18,26,69
2019_13_NYJ_CIN,CIN,NYJ,22,6,27
2019_13_OAK_KC,KC,OAK,40,9,23
2019_13_PHI_MIA,MIA,PHI,37,31,84
2019_13_SF_BAL,BAL,SF,20,17,85
2019_13_TB_JAX,JAX,TB,11,28,39
2019_13_TEN_IND,IND,TEN,17,31,55
2019_13_WAS_CAR,CAR,WAS,21,29,72
2019_14_BAL_BUF,BUF,BAL,17,24,71
2019_14_CAR_ATL,ATL,CAR,40,20,50
2019_14_CIN_CLE,CLE,CIN,27,19,70
2019_14_DAL_CHI,CHI,DAL,31,24,77
2019_14_DEN_HOU,HOU,DEN,24,38,63
2019_14_DET_MIN,MIN,DET,20,7,35
2019_14_IND_TB,TB,IND,38,35,92
2019_14_KC_NE,NE,KC,16,23,70
2019_14_LAC_JAX,JAX,LAC,10,45,22
2019_14_MIA_NYJ,NYJ,MIA,22,21,95
2019_14_NYG_PHI,PHI,NYG,23,17,74
2019_14_PIT_ARI,ARI,PIT,17,23,74
2019_14_SEA_LA,LA,SEA,28,12,43
2019_14_SF_NO,NO,SF,46,48,96
2019_14_TEN_OAK,OAK,TEN,21,42,50
2019_14_WAS_GB,GB,WAS,20,15,75
2019_15_ATL_SF,SF,ATL,22,29,76
2019_15_BUF_PIT,PIT,BUF,10,17,59
2019_15_CHI_GB,GB,CHI,21,13,62
2019_15_CLE_ARI,ARI,CLE,38,24,63
2019_15_DEN_KC,KC,DEN,23,3,13
2019_15_HOU_TEN,TEN,HOU,21,24,88
2019_15_IND_NO,NO,IND,34,7,21
2019_15_JAX_OAK,OAK,JAX,16,20,80
2019_15_LA_DAL,DAL,LA,44,21,48
2019_15_MIA_NYG,NYG,MIA,36,20,56
2019_15_MIN_LAC,LAC,MIN,10,39,26
2019_15_NE_CIN,CIN,NE,13,34,38
2019_15_NYJ_BAL,BAL,NYJ,42,21,50
2019_15_PHI_WAS,WAS,PHI,27,37,73
2019_15_SEA_CAR,CAR,SEA,24,30,80
2019_15_TB_DET,DET,TB,17,38,45
2019_16_ARI_SEA,SEA,ARI,13,27,48
2019_16_BAL_CLE,CLE,BAL,15,31,48
2019_16_BUF_NE,NE,BUF,24,17,71
2019_16_CAR_IND,IND,CAR,38,6,16
2019_16_CIN_MIA,MIA,CIN,38,35,92
2019_16_DAL_PHI,PHI,DAL,17,9,53
2019_16_DET_DEN,DEN,DET,27,17,63
2019_16_GB_MIN,MIN,GB,10,23,43
2019_16_HOU_TB,TB,HOU,20,23,87
2019_16_JAX_ATL,ATL,JAX,24,12,50
2019_16_KC_CHI,CHI,KC,3,26,12
2019_16_LA_SF,SF,LA,34,31,91
2019_16_NO_TEN,TEN,NO,28,38,74
2019_16_NYG_WAS,WAS,NYG,35,41,85
2019_16_OAK_LAC,LAC,OAK,17,24,71
2019_16_PIT_NYJ,NYJ,PIT,16,10,63
2019_17_ARI_LA,LA,ARI,31,24,77
2019_17_ATL_TB,TB,ATL,22,28,79
2019_17_CHI_MIN,MIN,CHI,19,21,90
2019_17_CLE_CIN,CIN,CLE,33,23,70
2019_17_GB_DET,DET,GB,20,23,87
2019_17_IND_JAX,JAX,IND,38,20,53
2019_17_LAC_KC,KC,LAC,31,21,68
2019_17_MIA_NE,NE,MIA,24,27,89
2019_17_NO_CAR,CAR,NO,10,42,24
2019_17_NYJ_BUF,BUF,NYJ,6,13,46
2019_17_OAK_DEN,DEN,OAK,16,15,94
2019_17_PHI_NYG,NYG,PHI,17,34,50
2019_17_PIT_BAL,BAL,PIT,28,10,36
2019_17_SF_SEA,SEA,SF,21,26,81
2019_17_TEN_HOU,HOU,TEN,14,35,40
2019_17_WAS_DAL,DAL,WAS,47,16,34
2019_18_BUF_HOU,HOU,BUF,22,19,86
2019_18_MIN_NO,NO,MIN,20,26,77
2019_18_SEA_PHI,PHI,SEA,9,17,53
2019_18_TEN_NE,NE,TEN,13,20,65
2019_19_HOU_KC,KC,HOU,51,31,61
2019_19_MIN_SF,SF,MIN,27,10,37
2019_19_SEA_GB,GB,SEA,28,23,82
2019_19_TEN_BAL,BAL,TEN,12,28,43
2019_20_GB_SF,SF,GB,37,20,54
2019_20_TEN_KC,KC,TEN,35,24,69
2019_21_SF_KC,KC,SF,31,20,65
2020_01_ARI_SF,SF,ARI,20,24,83
2020_01_CHI_DET,DET,CHI,23,27,85
2020_01_CLE_BAL,BAL,CLE,38,6,16
2020_01_DAL_LA,LA,DAL,20,17,85
2020_01_GB_MIN,MIN,GB,34,43,79
2020_01_HOU_KC,KC,HOU,34,20,59
2020_01_IND_JAX,JAX,IND,27,20,74
2020_01_LAC_CIN,CIN,LAC,13,16,81
2020_01_LV_CAR,CAR,LV,30,34,88
2020_01_MIA_NE,NE,MIA,21,11,52
2020_01_NYJ_BUF,BUF,NYJ,27,17,63
2020_01_PHI_WAS,WAS,PHI,27,17,63
2020_01_PIT_NYG,NYG,PIT,16,26,62
2020_01_SEA_ATL,ATL,SEA,25,38,66
2020_01_TB_NO,NO,TB,34,23,68
2020_01_TEN_DEN,DEN,TEN,14,16,88
2020_02_ATL_DAL,DAL,ATL,40,39,98
2020_02_BAL_HOU,HOU,BAL,16,33,48
2020_02_BUF_MIA,MIA,BUF,28,31,90
2020_02_CAR_TB,TB,CAR,31,17,55
2020_02_CIN_CLE,CLE,CIN,35,30,86
2020_02_DEN_PIT,PIT,DEN,26,21,81
2020_02_DET_GB,GB,DET,42,21,50
2020_02_JAX_TEN,TEN,JAX,33,30,91
2020_02_KC_LAC,LAC,KC,20,23,87
2020_02_LA_PHI,PHI,LA,19,37,51
2020_02_MIN_IND,IND,MIN,28,11,39
2020_02_NE_SEA,SEA,NE,35,30,86
2020_02_NO_LV,LV,NO,34,24,71
2020_02_NYG_CHI,CHI,NYG,17,13,76
2020_02_SF_NYJ,NYJ,SF,13,31,42
2020_02_WAS_ARI,ARI,WAS,30,15,50
2020_03_CAR_LAC,LAC,CAR,16,21,76
2020_03_CHI_ATL,ATL,CHI,26,30,87
2020_03_CIN_PHI,PHI,CIN,23,23,100
2020_03_DAL_SEA,SEA,DAL,38,31,82
2020_03_DET_ARI,ARI,DET,23,26,88
2020_03_GB_NO,NO,GB,30,37,81
2020_03_HOU_PIT,PIT,HOU,28,21,75
2020_03_KC_BAL,BAL,KC,20,34,59
2020_03_LA_BUF,BUF,LA,35,32,91
2020_03_LV_NE,NE,LV,36,20,56
2020_03_MIA_JAX,JAX,MIA,13,31,42
2020_03_NYJ_IND,IND,NYJ,36,7,19
2020_03_SF_NYG,NYG,SF,9,36,25
2020_03_TB_DEN,DEN,TB,10,28,36
2020_03_TEN_MIN,MIN,TEN,30,31,97
2020_03_WAS_CLE,CLE,WAS,34,20,59
2020_04_ARI_CAR,CAR,ARI,31,21,68
2020_04_ATL_GB,GB,ATL,30,16,53
2020_04_BAL_WAS,WAS,BAL,17,31,55
2020_04_BUF_LV,LV,BUF,23,30,77
2020_04_CLE_DAL,DAL,CLE,38,49,78
2020_04_DEN_NYJ,NYJ,DEN,28,37,76
2020_04_IND_CHI,CHI,IND,11,19,58
2020_04_JAX_CIN,CIN,JAX,33,25,76
2020_04_LAC_TB,TB,LAC,38,31,82
2020_04_MIN_HOU,HOU,MIN,23,31,74
2020_04_NE_KC,KC,NE,26,10,38
2020_04_NO_DET,DET,NO,29,35,83
2020_04_NYG_LA,LA,NYG,17,9,53
2020_04_PHI_SF,SF,PHI,20,25,80
2020_04_SEA_MIA,MIA,SEA,23,31,74
2020_05_ARI_NYJ,NYJ,ARI,10,30,33
2020_05_BUF_TEN,TEN,BUF,42,16,38
2020_05_CAR_ATL,ATL,CAR,16,23,70
2020_05_CIN_BAL,BAL,CIN,27,3,11
2020_05_IND_CLE,CLE,IND,32,23,72
2020_05_JAX_HOU,HOU,JAX,30,14,47
2020_05_LA_WAS,WAS,LA,10,30,33
2020_05_LAC_NO,NO,LAC,30,27,90
2020_05_LV_KC,KC,LV,32,40,80
2020_05_MIA_SF,SF,MIA,17,43,40
2020_05_MIN_SEA,SEA,MIN,27,26,96
2020_05_NYG_DAL,DAL,NYG,37,34,92
2020_05_PHI_PIT,PIT,PHI,38,29,76
2020_05_TB_CHI,CHI,TB,20,19,95
2020_06_ARI_DAL,DAL,ARI,10,38,26
2020_06_ATL_MIN,MIN,ATL,23,40,58
2020_06_BAL_PHI,PHI,BAL,28,30,93
2020_06_CHI_CAR,CAR,CHI,16,23,70
2020_06_CIN_IND,IND,CIN,31,27,87
2020_06_CLE_PIT,PIT,CLE,38,7,18
2020_06_DEN_NE,NE,DEN,12,18,67
2020_06_DET_JAX,JAX,DET,16,34,47
2020_06_GB_TB,TB,GB,38,10,26
2020_06_HOU_TEN,TEN,HOU,42,36,86
2020_06_KC_BUF,BUF,KC,17,26,65
2020_06_LA_SF,SF,LA,24,16,67
2020_06_NYJ_MIA,MIA,NYJ,24,0,0
2020_06_WAS_NYG,NYG,WAS,20,19,95
2020_07_BUF_NYJ,NYJ,BUF,10,18,56
2020_07_CAR_NO,NO,CAR,27,24,89
2020_07_CHI_LA,LA,CHI,24,10,42
2020_07_CLE_CIN,CIN,CLE,34,37,92
2020_07_DAL_WAS,WAS,DAL,25,3,12
2020_07_DET_ATL,ATL,DET,22,23,96
2020_07_GB_HOU,HOU,GB,20,35,57
2020_07_JAX_LAC,LAC,JAX,39,29,74
2020_07_KC_DEN,DEN,KC,16,43,37
2020_07_NYG_PHI,PHI,NYG,22,21,95
2020_07_PIT_TEN,TEN,PIT,24,27,89
2020_07_SEA_ARI,ARI,SEA,37,34,92
2020_07_SF_NE,NE,SF,6,33,18
2020_07_TB_LV,LV,TB,20,45,44
2020_08_ATL_CAR,CAR,ATL,17,25,68
2020_08_DAL_PHI,PHI,DAL,23,9,39
2020_08_IND_DET,DET,IND,21,41,51
2020_08_LA_MIA,MIA,LA,28,17,61
2020_08_LAC_DEN,DEN,LAC,31,30,97
2020_08_LV_CLE,CLE,LV,6,16,38
2020_08_MIN_GB,GB,MIN,22,28,79
2020_08_NE_BUF,BUF,NE,24,21,88
2020_08_NO_CHI,CHI,NO,23,26,88
2020_08_NYJ_KC,KC,NYJ,35,9,26
2020_08_PIT_BAL,BAL,PIT,24,28,86
2020_08_SF_SEA,SEA,SF,37,27,73
2020_08_TB_NYG,NYG,TB,23,25,92
2020_08_TEN_CIN,CIN,TEN,31,20,65
2020_09_BAL_IND,IND,BAL,10,24,42
2020_09_CAR_KC,KC,CAR,33,31,94
2020_09_CHI_TEN,TEN,CHI,24,17,71
2020_09_DEN_ATL,ATL,DEN,34,27,79
2020_09_DET_MIN,MIN,DET,34,20,59
2020_09_GB_SF,SF,GB,17,34,50
2020_09_HOU_JAX,JAX,HOU,25,27,93
2020_09_LV_LAC,LAC,LV,26,31,84
2020_09_MIA_ARI,ARI,MIA,31,34,91
2020_09_NE_NYJ,NYJ,NE,27,30,90
2020_09_NO_TB,TB,NO,3,38,8
2020_09_NYG_WAS,WAS,NYG,20,23,87
2020_09_PIT_DAL,DAL,PIT,19,24,79
2020_09_SEA_BUF,BUF,SEA,44,34,77
2020_10_BAL_NE,NE,BAL,23,17,74
2020_10_BUF_ARI,ARI,BUF,32,30,94
2020_10_CIN_PIT,PIT,CIN,36,10,28
2020_10_DEN_LV,LV,DEN,37,12,32
2020_10_HOU_CLE,CLE,HOU,10,7,70
2020_10_IND_TEN,TEN,IND,17,34,50
2020_10_JAX_GB,GB,JAX,24,20,83
2020_10_LAC_MIA,MIA,LAC,29,21,72
2020_10_MIN_CHI,CHI,MIN,13,19,68
2020_10_PHI_NYG,NYG,PHI,27,17,63
2020_10_SEA_LA,LA,SEA,23,16,70
2020_10_SF_NO,NO,SF,27,13,48
2020_10_TB_CAR,CAR,TB,23,46,50
2020_10_WAS_DET,DET,WAS,30,27,90
2020_11_ARI_SEA,SEA,ARI,28,21,75
2020_11_ATL_NO,NO,ATL,24,9,38
2020_11_CIN_WAS,WAS,CIN,20,9,45
2020_11_DAL_MIN,MIN,DAL,28,31,90
2020_11_DET_CAR,CAR,DET,20,0,0
2020_11_GB_IND,IND,GB,34,31,91
2020_11_KC_LV,LV,KC,31,35,89
2020_11_LA_TB,TB,LA,24,27,89
2020_11_MIA_DEN,DEN,MIA,20,13,65
2020_11_NE_HOU,HOU,NE,27,20,74
2020_11_NYJ_LAC,LAC,NYJ,34,28,82
2020_11_PHI_CLE,CLE,PHI,22,17,77
2020_11_PIT_JAX,JAX,PIT,3,27,11
2020_11_TEN_BAL,BAL,TEN,24,30,80
2020_12_ARI_NE,NE,ARI,20,17,85
2020_12_BAL_PIT,PIT,BAL,19,14,74
2020_12_CAR_MIN,MIN,CAR,28,27,96
2020_12_CHI_GB,GB,CHI,41,25,61
2020_12_CLE_JAX,JAX,CLE,25,27,93
2020_12_HOU_DET,DET,HOU,25,41,61
2020_12_KC_TB,TB,KC,24,27,89
2020_12_LAC_BUF,BUF,LAC,27,17,63
2020_12_LV_ATL,ATL,LV,43,6,14
2020_12_MIA_NYJ,NYJ,MIA,3,20,15
2020_12_NO_DEN,DEN,NO,3,31,10
2020_12_NYG_CIN,CIN,NYG,17,19,89
2020_12_SEA_PHI,PHI,SEA,17,23,74
2020_12_SF_LA,LA,SF,20,23,87
2020_12_TEN_IND,IND,TEN,26,45,58
2020_12_WAS_DAL,DAL,WAS,16,41,39
2020_13_BUF_SF,SF,BUF,24,34,71
2020_13_CIN_MIA,MIA,CIN,19,7,37
2020_13_CLE_TEN,TEN,CLE,35,41,85
2020_13_DAL_BAL,BAL,DAL,34,17,50
2020_13_DEN_KC,KC,DEN,22,16,73
2020_13_DET_CHI,CHI,DET,30,34,88
2020_13_IND_HOU,HOU,IND,20,26,77
2020_13_JAX_MIN,MIN,JAX,27,24,89
2020_13_LA_ARI,ARI,LA,28,38,74
2020_13_LV_NYJ,NYJ,LV,28,31,90
2020_13_NE_LAC,LAC,NE,0,45,0
2020_13_NO_ATL,ATL,NO,16,21,76
2020_13_NYG_SEA,SEA,NYG,12,17,71
2020_13_PHI_GB,GB,PHI,30,16,53
2020_13_WAS_PIT,PIT,WAS,17,23,74
2020_14_ARI_NYG,NYG,ARI,7,26,27
2020_14_ATL_LAC,LAC,ATL,20,17,85
2020_14_BAL_CLE,CLE,BAL,42,47,89
2020_14_DAL_CIN,CIN,DAL,7,30,23
2020_14_DEN_CAR,CAR,DEN,27,32,84
2020_14_GB_DET,DET,GB,24,31,77
2020_14_HOU_CHI,CHI,HOU,36,7,19
2020_14_IND_LV,LV,IND,27,44,61
2020_14_KC_MIA,MIA,KC,27,33,82
2020_14_MIN_TB,TB,MIN,26,14,54
2020_14_NE_LA,LA,NE,24,3,13
2020_14_NO_PHI,PHI,NO,24,21,88
2020_14_NYJ_SEA,SEA,NYJ,40,3,8
2020_14_PIT_BUF,BUF,PIT,26,15,58
2020_14_TEN_JAX,JAX,TEN,10,31,32
2020_14_WAS_SF,SF,WAS,15,23,65
2020_15_BUF_DEN,DEN,BUF,19,48,40
2020_15_CAR_GB,GB,CAR,24,16,67
2020_15_CHI_MIN,MIN,CHI,27,33,82
2020_15_CLE_NYG,NYG,CLE,6,20,30
2020_15_DET_TEN,TEN,DET,46,25,54
2020_15_HOU_IND,IND,HOU,27,20,74
2020_15_JAX_BAL,BAL,JAX,40,14,35
2020_15_KC_NO,NO,KC,29,32,91
2020_15_LAC_LV,LV,LAC,27,30,90
2020_15_NE_MIA,MIA,NE,22,12,55
2020_15_NYJ_LA,LA,NYJ,20,23,87
2020_15_PHI_ARI,ARI,PHI,33,26,79
2020_15_PIT_CIN,CIN,PIT,27,17,63
2020_15_SEA_WAS,WAS,SEA,15,20,75
2020_15_SF_DAL,DAL,SF,41,33,80
2020_15_TB_ATL,ATL,TB,27,31,87
2020_16_ATL_KC,KC,ATL,17,14,82
2020_16_BUF_NE,NE,BUF,9,38,24
2020_16_CAR_WAS,WAS,CAR,13,20,65
2020_16_CHI_JAX,JAX,CHI,17,41,41
2020_16_CIN_HOU,HOU,CIN,31,37,84
2020_16_CLE_NYJ,NYJ,CLE,23,16,70
2020_16_DEN_LAC,LAC,DEN,19,16,84
2020_16_IND_PIT,PIT,IND,28,24,86
2020_16_LA_SEA,SEA,LA,20,9,45
2020_16_MIA_LV,LV,MIA,25,26,96
2020_16_MIN_NO,NO,MIN,52,33,63
2020_16_NYG_BAL,BAL,NYG,27,13,48
2020_16_PHI_DAL,DAL,PHI,37,17,46
2020_16_SF_ARI,ARI,SF,12,20,60
2020_16_TB_DET,DET,TB,7,47,15
2020_16_TEN_GB,GB,TEN,40,14,35
2020_17_ARI_LA,LA,ARI,18,7,39
2020_17_ATL_TB,TB,ATL,44,27,61
2020_17_BAL_CIN,CIN,BAL,3,38,8
2020_17_DAL_NYG,NYG,DAL,23,19,83
2020_17_GB_CHI,CHI,GB,16,35,46
2020_17_JAX_IND,IND,JAX,28,14,50
2020_17_LAC_KC,KC,LAC,21,38,55
2020_17_LV_DEN,DEN,LV,31,32,97
2020_17_MIA_BUF,BUF,MIA,56,26,46
2020_17_MIN_DET,DET,MIN,35,37,95
2020_17_NO_CAR,CAR,NO,7,33,21
2020_17_NYJ_NE,NE,NYJ,28,14,50
2020_17_PIT_CLE,CLE,PIT,24,22,92
2020_17_SEA_SF,SF,SEA,23,26,88
2020_17_TEN_HOU,HOU,TEN,38,41,93
2020_17_WAS_PHI,PHI,WAS,14,20,70
2020_18_BAL_TEN,TEN,BAL,13,20,65
2020_18_CHI_NO,NO,CHI,21,9,43
2020_18_CLE_PIT,PIT,CLE,37,48,77
2020_18_IND_BUF,BUF,IND,27,24,89
2020_18_LA_SEA,SEA,LA,20,30,67
2020_18_TB_WAS,WAS,TB,23,31,74
2020_19_BAL_BUF,BUF,BAL,17,3,18
2020_19_CLE_KC,KC,CLE,22,17,77
2020_19_LA_GB,GB,LA,32,18,56
2020_19_TB_NO,NO,TB,20,30,67
2020_20_BUF_KC,KC,BUF,38,24,63
2020_20_TB_GB,GB,TB,26,31,84
2020_21_KC_TB,TB,KC,31,9,29
2021_01_ARI_TEN,TEN,ARI,13,38,34
2021_01_BAL_LV,LV,BAL,33,27,82
2021_01_CHI_LA,LA,CHI,34,14,41
2021_01_CLE_KC,KC,CLE,33,29,88
2021_01_DAL_TB,TB,DAL,31,29,94
2021_01_DEN_NYG,NYG,DEN,13,27,48
2021_01_GB_NO,NO,GB,38,3,8
2021_01_JAX_HOU,HOU,JAX,37,21,57
2021_01_LAC_WAS,WAS,LAC,16,20,80
2021_01_MIA_NE,NE,MIA,16,17,94
2021_01_MIN_CIN,CIN,MIN,27,24,89
2021_01_NYJ_CAR,CAR,NYJ,19,14,74
2021_01_PHI_ATL,ATL,PHI,6,32,19
2021_01_PIT_BUF,BUF,PIT,16,23,70
2021_01_SEA_IND,IND,SEA,16,28,57
2021_01_SF_DET,DET,SF,33,41,80
2021_02_ATL_TB,TB,ATL,48,25,52
2021_02_BUF_MIA,MIA,BUF,0,35,0
2021_02_CIN_CHI,CHI,CIN,20,17,85
2021_02_DAL_LAC,LAC,DAL,17,20,85
2021_02_DEN_JAX,JAX,DEN,13,23,57
2021_02_DET_GB,GB,DET,35,17,49
2021_02_HOU_CLE,CLE,HOU,31,21,68
2021_02_KC_BAL,BAL,KC,36,35,97
2021_02_LA_IND,IND,LA,24,27,89
2021_02_LV_PIT,PIT,LV,17,26,65
2021_02_MIN_ARI,ARI,MIN,34,33,97
2021_02_NE_NYJ,NYJ,NE,6,25,24
2021_02_NO_CAR,CAR,NO,26,7,27
2021_02_NYG_WAS,WAS,NYG,30,29,97
2021_02_SF_PHI,PHI,SF,11,17,65
2021_02_TEN_SEA,SEA,TEN,30,33,91
2021_03_ARI_JAX,JAX,ARI,19,31,61
2021_03_ATL_NYG,NYG,ATL,14,17,82
2021_03_BAL_DET,DET,BAL,17,19,89
2021_03_CAR_HOU,HOU,CAR,9,24,38
2021_03_CHI_CLE,CLE,CHI,26,6,23
2021_03_CIN_PIT,PIT,CIN,10,24,42
2021_03_GB_SF,SF,GB,28,30,93
2021_03_IND_TEN,TEN,IND,25,16,64
2021_03_LAC_KC,KC,LAC,24,30,80
2021_03_MIA_LV,LV,MIA,31,28,90
2021_03_NO_NE,NE,NO,13,28,46
2021_03_NYJ_DEN,DEN,NYJ,26,0,0
2021_03_PHI_DAL,DAL,PHI,41,21,51
2021_03_SEA_MIN,MIN,SEA,30,17,57
2021_03_TB_LA,LA,TB,34,24,71
2021_03_WAS_BUF,BUF,WAS,43,21,49
2021_04_ARI_LA,LA,ARI,20,37,54
2021_04_BAL_DEN,DEN,BAL,7,23,30
2021_04_CAR_DAL,DAL,CAR,36,28,78
2021_04_CLE_MIN,MIN,CLE,7,14,50
2021_04_DET_CHI,CHI,DET,24,14,58
2021_04_HOU_BUF,BUF,HOU,40,0,0
2021_04_IND_MIA,MIA,IND,17,27,63
2021_04_JAX_CIN,CIN,JAX,24,21,88
2021_04_KC_PHI,PHI,KC,30,42,71
2021_04_LV_LAC,LAC,LV,28,14,50
2021_04_NYG_NO,NO,NYG,21,27,78
2021_04_PIT_GB,GB,PIT,27,17,63
2021_04_SEA_SF,SF,SEA,21,28,75
2021_04_TB_NE,NE,TB,17,19,89
2021_04_TEN_NYJ,NYJ,TEN,27,24,89
2021_04_WAS_ATL,ATL,WAS,30,34,88
2021_05_BUF_KC,KC,BUF,20,38,53
2021_05_CHI_LV,LV,CHI,9,20,45
2021_05_CLE_LAC,LAC,CLE,47,42,89
2021_05_DEN_PIT,PIT,DEN,27,19,70
2021_05_DET_MIN,MIN,DET,19,17,89
2021_05_GB_CIN,CIN,GB,22,25,88
2021_05_IND_BAL,BAL,IND,31,25,81
2021_05_LA_SEA,SEA,LA,17,26,65
2021_05_MIA_TB,TB,MIA,45,17,38
2021_05_NE_HOU,HOU,NE,22,25,88
2021_05_NO_WAS,WAS,NO,22,33,67
2021_05_NYG_DAL,DAL,NYG,44,20,45
2021_05_NYJ_ATL,ATL,NYJ,27,20,74
2021_05_PHI_CAR,CAR,PHI,18,21,86
2021_05_SF_ARI,ARI,SF,17,10,59
2021_05_TEN_JAX,JAX,TEN,19,37,51
2021_06_ARI_CLE,CLE,ARI,14,37,38
2021_06_BUF_TEN,TEN,BUF,34,31,91
2021_06_CIN_DET,DET,CIN,11,34,32
2021_06_DAL_NE,NE,DAL,29,35,83
2021_06_GB_CHI,CHI,GB,14,24,58
2021_06_HOU_IND,IND,HOU,31,3,10
2021_06_KC_WAS,WAS,KC,13,31,42
2021_06_LA_NYG,NYG,LA,11,38,29
2021_06_LAC_BAL,BAL,LAC,34,6,18
2021_06_LV_DEN,DEN,LV,24,34,71
2021_06_MIA_JAX,JAX,MIA,23,20,87
2021_06_MIN_CAR,CAR,MIN,28,34,82
2021_06_SEA_PIT,PIT,SEA,23,20,87
2021_06_TB_PHI,PHI,TB,22,28,79
2021_07_ATL_MIA,MIA,ATL,28,30,93
2021_07_CAR_NYG,NYG,CAR,25,3,12
2021_07_CHI_TB,TB,CHI,38,3,8
2021_07_CIN_BAL,BAL,CIN,17,41,41
2021_07_DEN_CLE,CLE,DEN,17,14,82
2021_07_DET_LA,LA,DET,28,19,68
2021_07_HOU_ARI,ARI,HOU,31,5,16
2021_07_IND_SF,SF,IND,18,30,60
2021_07_KC_TEN,TEN,KC,27,3,11
2021_07_NO_SEA,SEA,NO,10,13,77
2021_07_NYJ_NE,NE,NYJ,54,13,24
2021_07_PHI_LV,LV,PHI,33,22,67
2021_07_WAS_GB,GB,WAS,24,10,42
2021_08_CAR_ATL,ATL,CAR,13,19,68
2021_08_CIN_NYJ,NYJ,CIN,34,31,91
2021_08_DAL_MIN,MIN,DAL,16,20,80
2021_08_GB_ARI,ARI,GB,21,24,88
2021_08_JAX_SEA,SEA,JAX,31,7,23
2021_08_LA_HOU,HOU,LA,22,38,58
2021_08_MIA_BUF,BUF,MIA,26,11,42
2021_08_NE_LAC,LAC,NE,24,27,89
2021_08_NYG_KC,KC,NYG,20,17,85
2021_08_PHI_DET,DET,PHI,6,44,14
2021_08_PIT_CLE,CLE,PIT,10,15,67
2021_08_SF_CHI,CHI,SF,22,33,67
2021_08_TB_NO,NO,TB,36,27,75
2021_08_TEN_IND,IND,TEN,31,34,91
2021_08_WAS_DEN,DEN,WAS,17,10,59
2021_09_ARI_SF,SF,ARI,17,31,55
2021_09_ATL_NO,NO,ATL,25,27,93
2021_09_BUF_JAX,JAX,BUF,9,6,67
2021_09_CHI_PIT,PIT,CHI,29,27,93
2021_09_CLE_CIN,CIN,CLE,16,41,39
2021_09_DEN_DAL,DAL,DEN,16,30,53
2021_09_GB_KC,KC,GB,13,7,54
2021_09_HOU_MIA,MIA,HOU,17,9,53
2021_09_LAC_PHI,PHI,LAC,24,27,89
2021_09_LV_NYG,NYG,LV,23,16,70
2021_09_MIN_BAL,BAL,MIN,34,31,91
2021_09_NE_CAR,CAR,NE,6,24,25
2021_09_NYJ_IND,IND,NYJ,45,30,67
2021_09_TEN_LA,LA,TEN,16,28,57
2021_10_ATL_DAL,DAL,ATL,43,3,7
2021_10_BAL_MIA,MIA,BAL,22,10,45
2021_10_BUF_NYJ,NYJ,BUF,17,45,38
2021_10_CAR_ARI,ARI,CAR,10,34,29
2021_10_CLE_NE,NE,CLE,45,7,16
2021_10_DET_PIT,PIT,DET,16,16,100
2021_10_JAX_IND,IND,JAX,23,17,74
2021_10_KC_LV,LV,KC,14,41,34
2021_10_LA_SF,SF,LA,31,10,32
2021_10_MIN_LAC,LAC,MIN,20,27,74
2021_10_NO_TEN,TEN,NO,23,21,91
2021_10_PHI_DEN,DEN,PHI,13,30,43
2021_10_SEA_GB,GB,SEA,17,0,0
2021_10_TB_WAS,WAS,TB,29,19,66
2021_11_ARI_SEA,SEA,ARI,13,23,57
2021_11_BAL_CHI,CHI,BAL,13,16,81
2021_11_CIN_LV,LV,CIN,13,32,41
2021_11_DAL_KC,KC,DAL,19,9,47
2021_11_DET_CLE,CLE,DET,13,10,77
2021_11_GB_MIN,MIN,GB,34,31,91
2021_11_HOU_TEN,TEN,HOU,13,22,59
2021_11_IND_BUF,BUF,IND,15,41,37
2021_11_MIA_NYJ,NYJ,MIA,17,24,71
2021_11_NE_ATL,ATL,NE,0,25,0
2021_11_NO_PHI,PHI,NO,40,29,73
2021_11_NYG_TB,TB,NYG,30,10,33
2021_11_PIT_LAC,LAC,PIT,41,37,90
2021_11_SF_JAX,JAX,SF,10,30,33
2021_11_WAS_CAR,CAR,WAS,21,27,78
2021_12_ATL_JAX,JAX,ATL,14,21,67
2021_12_BUF_NO,NO,BUF,6,31,19
2021_12_CAR_MIA,MIA,CAR,33,10,30
2021_12_CHI_DET,DET,CHI,14,16,88
2021_12_CLE_BAL,BAL,CLE,16,10,63
2021_12_LA_GB,GB,LA,36,28,78
2021_12_LAC_DEN,DEN,LAC,28,13,46
2021_12_LV_DAL,DAL,LV,33,36,92
2021_12_MIN_SF,SF,MIN,34,26,76
2021_12_NYJ_HOU,HOU,NYJ,14,21,67
2021_12_PHI_NYG,NYG,PHI,13,7,54
2021_12_PIT_CIN,CIN,PIT,41,10,24
2021_12_SEA_WAS,WAS,SEA,17,15,88
2021_12_TB_IND,IND,TB,31,38,82
2021_12_TEN_NE,NE,TEN,36,13,36
2021_13_ARI_CHI,CHI,ARI,22,33,67
2021_13_BAL_PIT,PIT,BAL,20,19,95
2021_13_DAL_NO,NO,DAL,17,27,63
2021_13_DEN_KC,KC,DEN,22,9,41
2021_13_IND_HOU,HOU,IND,0,31,0
2021_13_JAX_LA,LA,JAX,37,7,19
2021_13_LAC_CIN,CIN,LAC,22,41,54
2021_13_MIN_DET,DET,MIN,29,27,93
2021_13_NE_BUF,BUF,NE,10,14,71
2021_13_NYG_MIA,MIA,NYG,20,9,45
2021_13_PHI_NYJ,NYJ,PHI,18,33,55
2021_13_SF_SEA,SEA,SF,30,23,77
2021_13_TB_ATL,ATL,TB,17,30,57
2021_13_WAS_LV,LV,WAS,15,17,88
2021_14_ATL_CAR,CAR,ATL,21,29,72
2021_14_BAL_CLE,CLE,BAL,24,22,92
2021_14_BUF_TB,TB,BUF,33,27,82
2021_14_CHI_GB,GB,CHI,45,30,67
2021_14_DAL_WAS,WAS,DAL,20,27,74
2021_14_DET_DEN,DEN,DET,38,10,26
2021_14_JAX_TEN,TEN,JAX,20,0,0
2021_14_LA_ARI,ARI,LA,23,30,77
2021_14_LV_KC,KC,LV,48,9,19
2021_14_NO_NYJ,NYJ,NO,9,30,30
2021_14_NYG_LAC,LAC,NYG,37,21,57
2021_14_PIT_MIN,MIN,PIT,36,28,78
2021_14_SEA_HOU,HOU,SEA,13,33,39
2021_14_SF_CIN,CIN,SF,23,26,88
2021_15_ARI_DET,DET,ARI,30,12,40
2021_15_ATL_SF,SF,ATL,31,13,42
2021_15_CAR_BUF,BUF,CAR,31,14,45
2021_15_CIN_DEN,DEN,CIN,10,15,67
2021_15_DAL_NYG,NYG,DAL,6,21,29
2021_15_GB_BAL,BAL,GB,30,31,97
2021_15_HOU_JAX,JAX,HOU,16,30,53
2021_15_KC_LAC,LAC,KC,28,34,82
2021_15_LV_CLE,CLE,LV,14,16,88
2021_15_MIN_CHI,CHI,MIN,9,17,53
2021_15_NE_IND,IND,NE,27,17,63
2021_15_NO_TB,TB,NO,0,9,0
2021_15_NYJ_MIA,MIA,NYJ,31,24,77
2021_15_SEA_LA,LA,SEA,20,10,50
2021_15_TEN_PIT,PIT,TEN,19,13,68
2021_15_WAS_PHI,PHI,WAS,27,17,63
2021_16_BAL_CIN,CIN,BAL,41,21,51
2021_16_BUF_NE,NE,BUF,21,33,64
2021_16_CHI_SEA,SEA,CHI,24,25,96
2021_16_CLE_GB,GB,CLE,24,22,92
2021_16_DEN_LV,LV,DEN,17,13,76
2021_16_DET_ATL,ATL,DET,20,16,80
2021_16_IND_ARI,ARI,IND,16,22,73
2021_16_JAX_NYJ,NYJ,JAX,26,21,81
2021_16_LA_MIN,MIN,LA,23,30,77
2021_16_LAC_HOU,HOU,LAC,41,29,71
2021_16_MIA_NO,NO,MIA,3,20,15
2021_16_NYG_PHI,PHI,NYG,34,10,29
2021_16_PIT_KC,KC,PIT,36,10,28
2021_16_SF_TEN,TEN,SF,20,17,85
2021_16_TB_CAR,CAR,TB,6,32,19
2021_16_WAS_DAL,DAL,WAS,56,14,25
2021_17_ARI_DAL,DAL,ARI,22,25,88
2021_17_ATL_BUF,BUF,ATL,29,15,52
2021_17_CAR_NO,NO,CAR,18,10,56
2021_17_CLE_PIT,PIT,CLE,26,14,54
2021_17_DEN_LAC,LAC,DEN,34,13,38
2021_17_DET_SEA,SEA,DET,51,29,57
2021_17_HOU_SF,SF,HOU,23,7,30
2021_17_JAX_NE,NE,JAX,50,10,20
2021_17_KC_CIN,CIN,KC,34,31,91
2021_17_LA_BAL,BAL,LA,19,20,95
2021_17_LV_IND,IND,LV,20,23,87
2021_17_MIA_TEN,TEN,MIA,34,3,9
2021_17_MIN_GB,GB,MIN,37,10,27
2021_17_NYG_CHI,CHI,NYG,29,3,10
2021_17_PHI_WAS,WAS,PHI,16,20,80
2021_17_TB_NYJ,NYJ,TB,24,28,86
2021_18_CAR_TB,TB,CAR,41,17,41
2021_18_CHI_MIN,MIN,CHI,31,17,55
2021_18_CIN_CLE,CLE,CIN,21,16,76
2021_18_DAL_PHI,PHI,DAL,26,51,51
2021_18_GB_DET,DET,GB,37,30,81
2021_18_IND_JAX,JAX,IND,26,11,42
2021_18_KC_DEN,DEN,KC,24,28,86
2021_18_LAC_LV,LV,LAC,35,32,91
2021_18_NE_MIA,MIA,NE,33,24,73
2021_18_NO_ATL,ATL,NO,20,30,67
2021_18_NYJ_BUF,BUF,NYJ,27,10,37
2021_18_PIT_BAL,BAL,PIT,13,16,81
2021_18_SEA_ARI,ARI,SEA,30,38,79
2021_18_SF_LA,LA,SF,24,27,89
2021_18_TEN_HOU,HOU,TEN,25,28,89
2021_18_WAS_NYG,NYG,WAS,7,22,32
2021_19_ARI_LA,LA,ARI,34,11,32
2021_19_LV_CIN,CIN,LV,26,19,73
2021_19_NE_BUF,BUF,NE,47,17,36
2021_19_PHI_TB,TB,PHI,31,15,48
2021_19_PIT_KC,KC,PIT,42,21,50
2021_19_SF_DAL,DAL,SF,17,23,74
2021_20_BUF_KC,KC,BUF,42,36,86
2021_20_CIN_TEN,TEN,CIN,16,19,84
2021_20_LA_TB,TB,LA,27,30,90
2021_20_SF_GB,GB,SF,10,13,77
2021_21_CIN_KC,KC,CIN,24,27,89
2021_21_SF_LA,LA,SF,20,17,85
2021_22_LA_CIN,CIN,LA,20,23,87
2022_01_BAL_NYJ,NYJ,BAL,9,24,38
2022_01_BUF_LA,LA,BUF,10,31,32
2022_01_CLE_CAR,CAR,CLE,24,26,92
2022_01_DEN_SEA,SEA,DEN,17,16,94
2022_01_GB_MIN,MIN,GB,23,7,30
2022_01_IND_HOU,HOU,IND,20,20,100
2022_01_JAX_WAS,WAS,JAX,28,22,79
2022_01_KC_ARI,ARI,KC,21,44,48
2022_01_LV_LAC,LAC,LV,24,19,79
2022_01_NE_MIA,MIA,NE,20,7,35
2022_01_NO_ATL,ATL,NO,26,27,96
2022_01_NYG_TEN,TEN,NYG,20,21,95
2022_01_PHI_DET,DET,PHI,35,38,92
2022_01_PIT_CIN,CIN,PIT,20,23,87
2022_01_SF_CHI,CHI,SF,19,10,53
2022_01_TB_DAL,DAL,TB,3,19,16
2022_02_ARI_LV,LV,ARI,23,29,79
2022_02_ATL_LA,LA,ATL,31,27,87
2022_02_CAR_NYG,NYG,CAR,19,16,84
2022_02_CHI_GB,GB,CHI,27,10,37
2022_02_CIN_DAL,DAL,CIN,20,17,85
2022_02_HOU_DEN,DEN,HOU,16,9,56
2022_02_IND_JAX,JAX,IND,24,0,0
2022_02_LAC_KC,KC,LAC,27,24,89
2022_02_MIA_BAL,BAL,MIA,38,42,90
2022_02_MIN_PHI,PHI,MIN,24,7,29
2022_02_NE_PIT,PIT,NE,14,17,82
2022_02_NYJ_CLE,CLE,NYJ,30,31,97
2022_02_SEA_SF,SF,SEA,27,7,26
2022_02_TB_NO,NO,TB,10,20,50
2022_02_TEN_BUF,BUF,TEN,41,7,17
2022_02_WAS_DET,DET,WAS,36,27,75
2022_03_ATL_SEA,SEA,ATL,23,27,85
2022_03_BAL_NE,NE,BAL,26,37,70
2022_03_BUF_MIA,MIA,BUF,21,19,90
2022_03_CIN_NYJ,NYJ,CIN,12,27,44
2022_03_DAL_NYG,NYG,DAL,16,23,70
2022_03_DET_MIN,MIN,DET,28,24,86
2022_03_GB_TB,TB,GB,12,14,86
2022_03_HOU_CHI,CHI,HOU,23,20,87
2022_03_JAX_LAC,LAC,JAX,10,38,26
2022_03_KC_IND,IND,KC,20,17,85
2022_03_LA_ARI,ARI,LA,12,20,60
2022_03_LV_TEN,TEN,LV,24,22,92
2022_03_NO_CAR,CAR,NO,22,14,64
2022_03_PHI_WAS,WAS,PHI,8,24,33
2022_03_PIT_CLE,CLE,PIT,29,17,59
2022_03_SF_DEN,DEN,SF,11,10,91
2022_04_ARI_CAR,CAR,ARI,16,26,62
2022_04_BUF_BAL,BAL,BUF,20,23,87
2022_04_CHI_NYG,NYG,CHI,20,12,60
2022_04_CLE_ATL,ATL,CLE,23,20,87
2022_04_DEN_LV,LV,DEN,32,23,72
2022_04_JAX_PHI,PHI,JAX,29,21,72
2022_04_KC_TB,TB,KC,31,41,76
2022_04_LA_SF,SF,LA,24,9,38
2022_04_LAC_HOU,HOU,LAC,24,34,71
2022_04_MIA_CIN,CIN,MIA,27,15,56
2022_04_MIN_NO,NO,MIN,25,28,89
2022_04_NE_GB,GB,NE,27,24,89
2022_04_NYJ_PIT,PIT,NYJ,20,24,83
2022_04_SEA_DET,DET,SEA,45,48,94
2022_04_TEN_IND,IND,TEN,17,24,71
2022_04_WAS_DAL,DAL,WAS,25,10,40
2022_05_ATL_TB,TB,ATL,21,15,71
2022_05_CHI_MIN,MIN,CHI,29,22,76
2022_05_CIN_BAL,BAL,CIN,19,17,89
2022_05_DAL_LA,LA,DAL,10,22,45
2022_05_DET_NE,NE,DET,29,0,0
2022_05_HOU_JAX,JAX,HOU,6,13,46
2022_05_IND_DEN,DEN,IND,9,12,75
2022_05_LAC_CLE,CLE,LAC,28,30,93
2022_05_LV_KC,KC,LV,30,29,97
2022_05_MIA_NYJ,NYJ,MIA,40,17,43
2022_05_NYG_GB,GB,NYG,22,27,81
2022_05_PHI_ARI,ARI,PHI,17,20,85
2022_05_PIT_BUF,BUF,PIT,38,3,8
2022_05_SEA_NO,NO,SEA,39,32,82
2022_05_SF_CAR,CAR,SF,15,37,41
2022_05_TEN_WAS,WAS,TEN,17,21,81
2022_06_ARI_SEA,SEA,ARI,19,9,47
2022_06_BAL_NYG,NYG,BAL,24,20,83
2022_06_BUF_KC,KC,BUF,20,24,83
2022_06_CAR_LA,LA,CAR,24,10,42
2022_06_CIN_NO,NO,CIN,26,30,87
2022_06_DAL_PHI,PHI,DAL,26,17,65
2022_06_DEN_LAC,LAC,DEN,19,16,84
2022_06_JAX_IND,IND,JAX,34,27,79
2022_06_MIN_MIA,MIA,MIN,16,24,67
2022_06_NE_CLE,CLE,NE,15,38,39
2022_06_NYJ_GB,GB,NYJ,10,27,37
2022_06_SF_ATL,ATL,SF,28,14,50
2022_06_TB_PIT,PIT,TB,20,18,90
2022_06_WAS_CHI,CHI,WAS,7,12,58
2022_07_ATL_CIN,CIN,ATL,35,17,49
2022_07_CHI_NE,NE,CHI,14,33,42
2022_07_CLE_BAL,BAL,CLE,23,20,87
2022_07_DET_DAL,DAL,DET,24,6,25
2022_07_GB_WAS,WAS,GB,23,21,91
2022_07_HOU_LV,LV,HOU,38,20,53
2022_07_IND_TEN,TEN,IND,19,10,53
2022_07_KC_SF,SF,KC,23,44,52
2022_07_NO_ARI,ARI,NO,42,34,81
2022_07_NYG_JAX,JAX,NYG,17,23,74
2022_07_NYJ_DEN,DEN,NYJ,9,16,56
2022_07_PIT_MIA,MIA,PIT,16,10,63
2022_07_SEA_LAC,LAC,SEA,23,37,62
2022_07_TB_CAR,CAR,TB,21,3,14
2022_08_ARI_MIN,MIN,ARI,34,26,76
2022_08_BAL_TB,TB,BAL,22,27,81
2022_08_CAR_ATL,ATL,CAR,37,34,92
2022_08_CHI_DAL,DAL,CHI,49,29,59
2022_08_CIN_CLE,CLE,CIN,32,13,41
2022_08_DEN_JAX,JAX,DEN,17,21,81
2022_08_GB_BUF,BUF,GB,27,17,63
2022_08_LV_NO,NO,LV,24,0,0
2022_08_MIA_DET,DET,MIA,27,31,87
2022_08_NE_NYJ,NYJ,NE,17,22,77
2022_08_NYG_SEA,SEA,NYG,27,13,48
2022_08_PIT_PHI,PHI,PIT,35,13,37
2022_08_SF_LA,LA,SF,14,31,45
2022_08_TEN_HOU,HOU,TEN,10,17,59
2022_08_WAS_IND,IND,WAS,16,17,94
2022_09_BAL_NO,NO,BAL,13,27,48
2022_09_BUF_NYJ,NYJ,BUF,20,17,85
2022_09_CAR_CIN,CIN,CAR,42,21,50
2022_09_GB_DET,DET,GB,15,9,60
2022_09_IND_NE,NE,IND,26,3,12
2022_09_LA_TB,TB,LA,16,13,81
2022_09_LAC_ATL,ATL,LAC,17,20,85
2022_09_LV_JAX,JAX,LV,27,20,74
2022_09_MIA_CHI,CHI,MIA,32,35,91
2022_09_MIN_WAS,WAS,MIN,17,20,85
2022_09_PHI_HOU,HOU,PHI,17,29,59
2022_09_SEA_ARI,ARI,SEA,21,31,68
2022_09_TEN_KC,KC,TEN,20,17,85
2022_10_ARI_LA,LA,ARI,17,27,63
2022_10_ATL_CAR,CAR,ATL,25,15,60
2022_10_CLE_MIA,MIA,CLE,39,17,44
2022_10_DAL_GB,GB,DAL,31,28,90
2022_10_DEN_TEN,TEN,DEN,17,10,59
2022_10_DET_CHI,CHI,DET,30,31,97
2022_10_HOU_NYG,NYG,HOU,24,16,67
2022_10_IND_LV,LV,IND,20,25,80
2022_10_JAX_KC,KC,JAX,27,17,63
2022_10_LAC_SF,SF,LAC,22,16,73
2022_10_MIN_BUF,BUF,MIN,30,33,91
2022_10_NO_PIT,PIT,NO,20,10,50
2022_10_SEA_TB,TB,SEA,21,16,76
2022_10_WAS_PHI,PHI,WAS,21,32,66
2022_11_CAR_BAL,BAL,CAR,13,3,23
2022_11_CHI_ATL,ATL,CHI,27,24,89
2022_11_CIN_PIT,PIT,CIN,30,37,81
2022_11_CLE_BUF,BUF,CLE,31,23,74
2022_11_DAL_MIN,MIN,DAL,3,40,8
2022_11_DET_NYG,NYG,DET,18,31,58
2022_11_KC_LAC,LAC,KC,27,30,90
2022_11_LA_NO,NO,LA,27,20,74
2022_11_LV_DEN,DEN,LV,16,22,73
2022_11_NYJ_NE,NE,NYJ,10,3,30
2022_11_PHI_IND,IND,PHI,16,17,94
2022_11_SF_ARI,ARI,SF,10,38,26
2022_11_TEN_GB,GB,TEN,17,27,63
2022_11_WAS_HOU,HOU,WAS,10,23,43
2022_12_ATL_WAS,WAS,ATL,19,13,68
2022_12_BAL_JAX,JAX,BAL,28,27,96
2022_12_BUF_DET,DET,BUF,25,28,89
2022_12_CHI_NYJ,NYJ,CHI,31,10,32
2022_12_CIN_TEN,TEN,CIN,16,20,80
2022_12_DEN_CAR,CAR,DEN,23,10,43
2022_12_GB_PHI,PHI,GB,40,33,83
2022_12_HOU_MIA,MIA,HOU,30,15,50
2022_12_LA_KC,KC,LA,26,10,38
2022_12_LAC_ARI,ARI,LAC,24,25,96
2022_12_LV_SEA,SEA,LV,34,40,85
2022_12_NE_MIN,MIN,NE,33,26,79
2022_12_NO_SF,SF,NO,13,0,0
2022_12_NYG_DAL,DAL,NYG,28,20,71
2022_12_PIT_IND,IND,PIT,17,24,71
2022_12_TB_CLE,CLE,TB,23,17,74
2022_13_BUF_NE,NE,BUF,10,24,42
2022_13_CLE_HOU,HOU,CLE,14,27,52
2022_13_DEN_BAL,BAL,DEN,10,9,90
2022_13_GB_CHI,CHI,GB,19,28,68
2022_13_IND_DAL,DAL,IND,54,19,35
2022_13_JAX_DET,DET,JAX,40,14,35
2022_13_KC_CIN,CIN,KC,27,24,89
2022_13_LAC_LV,LV,LAC,27,20,74
2022_13_MIA_SF,SF,MIA,33,17,52
2022_13_NO_TB,TB,NO,17,16,94
2022_13_NYJ_MIN,MIN,NYJ,27,22,81
2022_13_PIT_ATL,ATL,PIT,16,19,84
2022_13_SEA_LA,LA,SEA,23,27,85
2022_13_TEN_PHI,PHI,TEN,35,10,29
2022_13_WAS_NYG,NYG,WAS,20,20,100
2022_14_BAL_PIT,PIT,BAL,14,16,88
2022_14_CAR_SEA,SEA,CAR,24,30,80
2022_14_CLE_CIN,CIN,CLE,23,10,43
2022_14_HOU_DAL,DAL,HOU,27,23,85
2022_14_JAX_TEN,TEN,JAX,22,36,61
2022_14_KC_DEN,DEN,KC,28,34,82
2022_14_LV_LA,LA,LV,17,16,94
2022_14_MIA_LAC,LAC,MIA,23,17,74
2022_14_MIN_DET,DET,MIN,34,23,68
2022_14_NE_ARI,ARI,NE,13,27,48
2022_14_NYJ_BUF,BUF,NYJ,20,12,60
2022_14_PHI_NYG,NYG,PHI,22,48,46
2022_14_TB_SF,SF,TB,35,7,20
2022_15_ARI_DEN,DEN,ARI,24,15,63
2022_15_ATL_NO,NO,ATL,21,18,86
2022_15_BAL_CLE,CLE,BAL,13,3,23
2022_15_CIN_TB,TB,CIN,23,34,68
2022_15_DAL_JAX,JAX,DAL,40,34,85
2022_15_DET_NYJ,NYJ,DET,17,20,85
2022_15_IND_MIN,MIN,IND,39,36,92
2022_15_KC_HOU,HOU,KC,24,30,80
2022_15_LA_GB,GB,LA,24,12,50
2022_15_MIA_BUF,BUF,MIA,32,29,91
2022_15_NE_LV,LV,NE,30,24,80
2022_15_NYG_WAS,WAS,NYG,12,20,60
2022_15_PHI_CHI,CHI,PHI,20,25,80
2022_15_PIT_CAR,CAR,PIT,16,24,67
2022_15_SF_SEA,SEA,SF,13,21,62
2022_15_TEN_LAC,LAC,TEN,17,14,82
2022_16_ATL_BAL,BAL,ATL,17,9,53
2022_16_BUF_CHI,CHI,BUF,13,35,37
2022_16_CIN_NE,NE,CIN,18,22,82
2022_16_DEN_LA,LA,DEN,51,14,27
2022_16_DET_CAR,CAR,DET,37,23,62
2022_16_GB_MIA,MIA,GB,20,26,77
2022_16_HOU_TEN,TEN,HOU,14,19,74
2022_16_JAX_NYJ,NYJ,JAX,3,19,16
2022_16_LAC_IND,IND,LAC,3,20,15
2022_16_LV_PIT,PIT,LV,13,10,77
2022_16_NO_CLE,CLE,NO,10,17,59
2022_16_NYG_MIN,MIN,NYG,27,24,89
2022_16_PHI_DAL,DAL,PHI,40,34,85
2022_16_SEA_KC,KC,SEA,24,10,42
2022_16_TB_ARI,ARI,TB,16,19,84
2022_16_WAS_SF,SF,WAS,37,20,54
2022_17_ARI_ATL,ATL,ARI,20,19,95
2022_17_CAR_TB,TB,CAR,30,24,80
2022_17_CHI_DET,DET,CHI,41,10,24
2022_17_CLE_WAS,WAS,CLE,10,24,42
2022_17_DAL_TEN,TEN,DAL,13,27,48
2022_17_DEN_KC,KC,DEN,27,24,89
2022_17_IND_NYG,NYG,IND,38,10,26
2022_17_JAX_HOU,HOU,JAX,3,31,10
2022_17_LA_LAC,LAC,LA,31,10,32
2022_17_MIA_NE,NE,MIA,23,21,91
2022_17_MIN_GB,GB,MIN,41,17,41
2022_17_NO_PHI,PHI,NO,10,20,50
2022_17_NYJ_SEA,SEA,NYJ,23,6,26
2022_17_PIT_BAL,BAL,PIT,13,16,81
2022_17_SF_LV,LV,SF,34,37,92
2022_18_ARI_SF,SF,ARI,38,13,34
2022_18_BAL_CIN,CIN,BAL,27,16,59
2022_18_CAR_NO,NO,CAR,7,10,70
2022_18_CLE_PIT,PIT,CLE,28,14,50
2022_18_DAL_WAS,WAS,DAL,26,6,23
2022_18_DET_GB,GB,DET,16,20,80
2022_18_HOU_IND,IND,HOU,31,32,97
2022_18_KC_LV,LV,KC,13,31,42
2022_18_LA_SEA,SEA,LA,19,16,84
2022_18_LAC_DEN,DEN,LAC,31,28,90
2022_18_MIN_CHI,CHI,MIN,13,29,45
2022_18_NE_BUF,BUF,NE,35,23,66
2022_18_NYG_PHI,PHI,NYG,22,16,73
2022_18_NYJ_MIA,MIA,NYJ,11,6,55
2022_18_TB_ATL,ATL,TB,30,17,57
2022_18_TEN_JAX,JAX,TEN,20,16,80
2022_19_BAL_CIN,CIN,BAL,24,17,71
2022_19_DAL_TB,TB,DAL,14,31,45
2022_19_LAC_JAX,JAX,LAC,31,30,97
2022_19_MIA_BUF,BUF,MIA,34,31,91
2022_19_NYG_MIN,MIN,NYG,24,31,77
2022_19_SEA_SF,SF,SEA,41,23,56
2022_20_CIN_BUF,BUF,CIN,10,27,37
2022_20_DAL_SF,SF,DAL,19,12,63
2022_20_JAX_KC,KC,JAX,27,20,74
2022_20_NYG_PHI,PHI,NYG,38,7,18
2022_21_CIN_KC,KC,CIN,23,20,87
2022_21_SF_PHI,PHI,SF,31,7,23
2022_22_KC_PHI,PHI,KC,35,38,92
2023_01_ARI_WAS,WAS,ARI,20,16,80
2023_01_BUF_NYJ,NYJ,BUF,22,16,73
2023_01_CAR_ATL,ATL,CAR,24,10,42
2023_01_CIN_CLE,CLE,CIN,24,3,13
2023_01_DAL_NYG,NYG,DAL,0,40,0
2023_01_DET_KC,KC,DET,20,21,95
2023_01_GB_CHI,CHI,GB,20,38,53
2023_01_HOU_BAL,BAL,HOU,25,9,36
2023_01_JAX_IND,IND,JAX,21,31,68
2023_01_LA_SEA,SEA,LA,13,30,43
2023_01_LV_DEN,DEN,LV,16,17,94
2023_01_MIA_LAC,LAC,MIA,34,36,94
2023_01_PHI_NE,NE,PHI,20,25,80
2023_01_SF_PIT,PIT,SF,7,30,23
2023_01_TB_MIN,MIN,TB,17,20,85
2023_01_TEN_NO,NO,TEN,16,15,94
2023_02_BAL_CIN,CIN,BAL,24,27,89
2023_02_CHI_TB,TB,CHI,27,17,63
2023_02_CLE_PIT,PIT,CLE,26,22,85
2023_02_GB_ATL,ATL,GB,25,24,96
2023_02_IND_HOU,HOU,IND,20,31,65
2023_02_KC_JAX,JAX,KC,9,17,53
2023_02_LAC_TEN,TEN,LAC,27,24,89
2023_02_LV_BUF,BUF,LV,38,10,26
2023_02_MIA_NE,NE,MIA,17,24,71
2023_02_MIN_PHI,PHI,MIN,34,28,82
2023_02_NO_CAR,CAR,NO,17,20,85
2023_02_NYG_ARI,ARI,NYG,28,31,90
2023_02_NYJ_DAL,DAL,NYJ,30,10,33
2023_02_SEA_DET,DET,SEA,31,37,84
2023_02_SF_LA,LA,SF,23,30,77
2023_02_WAS_DEN,DEN,WAS,33,35,94
2023_03_ATL_DET,DET,ATL,20,6,30
2023_03_BUF_WAS,WAS,BUF,3,37,8
2023_03_CAR_SEA,SEA,CAR,37,27,73
2023_03_CHI_KC,KC,CHI,41,10,24
2023_03_DAL_ARI,ARI,DAL,28,16,57
2023_03_DEN_MIA,MIA,DEN,70,20,29
2023_03_HOU_JAX,JAX,HOU,17,37,46
2023_03_IND_BAL,BAL,IND,19,22,86
2023_03_LA_CIN,CIN,LA,19,16,84
2023_03_LAC_MIN,MIN,LAC,24,28,86
2023_03_NE_NYJ,NYJ,NE,10,15,67
2023_03_NO_GB,GB,NO,18,17,94
2023_03_NYG_SF,SF,NYG,30,12,40
2023_03_PHI_TB,TB,PHI,11,25,44
2023_03_PIT_LV,LV,PIT,18,23,78
2023_03_TEN_CLE,CLE,TEN,27,3,11
2023_04_ARI_SF,SF,ARI,35,16,46
2023_04_ATL_JAX,JAX,ATL,23,7,30
2023_04_BAL_CLE,CLE,BAL,3,28,11
2023_04_CIN_TEN,TEN,CIN,27,3,11
2023_04_DEN_CHI,CHI,DEN,28,31,90
2023_04_DET_GB,GB,DET,20,34,59
2023_04_KC_NYJ,NYJ,KC,20,23,87
2023_04_LA_IND,IND,LA,23,29,79
2023_04_LV_LAC,LAC,LV,24,17,71
2023_04_MIA_BUF,BUF,MIA,48,20,42
2023_04_MIN_CAR,CAR,MIN,13,21,62
2023_04_NE_DAL,DAL,NE,38,3,8
2023_04_PIT_HOU,HOU,PIT,30,6,20
2023_04_SEA_NYG,NYG,SEA,3,24,13
2023_04_TB_NO,NO,TB,9,26,35
2023_04_WAS_PHI,PHI,WAS,34,31,91
2023_05_BAL_PIT,PIT,BAL,17,10,59
2023_05_CAR_DET,DET,CAR,42,24,57
2023_05_CHI_WAS,WAS,CHI,20,40,50
2023_05_CIN_ARI,ARI,CIN,20,34,59
2023_05_DAL_SF,SF,DAL,42,10,24
2023_05_GB_LV,LV,GB,17,13,76
2023_05_HOU_ATL,ATL,HOU,21,19,90
2023_05_JAX_BUF,BUF,JAX,20,25,80
2023_05_KC_MIN,MIN,KC,20,27,74
2023_05_NO_NE,NE,NO,0,34,0
2023_05_NYG_MIA,MIA,NYG,31,16,52
2023_05_NYJ_DEN,DEN,NYJ,21,31,68
2023_05_PHI_LA,LA,PHI,14,23,61
2023_05_TEN_IND,IND,TEN,23,16,70
2023_06_ARI_LA,LA,ARI,26,9,35
2023_06_BAL_TEN,TEN,BAL,16,24,67
2023_06_CAR_MIA,MIA,CAR,42,21,50
2023_06_DAL_LAC,LAC,DAL,17,20,85
2023_06_DEN_KC,KC,DEN,19,8,42
2023_06_DET_TB,TB,DET,6,20,30
2023_06_IND_JAX,JAX,IND,37,20,54
2023_06_MIN_CHI,CHI,MIN,13,19,68
2023_06_NE_LV,LV,NE,21,17,81
2023_06_NO_HOU,HOU,NO,20,13,65
2023_06_NYG_BUF,BUF,NYG,14,9,64
2023_06_PHI_NYJ,NYJ,PHI,20,14,70
2023_06_SEA_CIN,CIN,SEA,17,13,76
2023_06_SF_CLE,CLE,SF,19,17,89
2023_06_WAS_ATL,ATL,WAS,16,24,67
2023_07_ARI_SEA,SEA,ARI,20,10,50
2023_07_ATL_TB,TB,ATL,13,16,81
2023_07_BUF_NE,NE,BUF,29,25,86
2023_07_CLE_IND,IND,CLE,38,39,97
2023_07_DET_BAL,BAL,DET,38,6,16
2023_07_GB_DEN,DEN,GB,19,17,89
2023_07_JAX_NO,NO,JAX,24,31,77
2023_07_LAC_KC,KC,LAC,31,17,55
2023_07_LV_CHI,CHI,LV,30,12,40
2023_07_MIA_PHI,PHI,MIA,31,17,55
2023_07_PIT_LA,LA,PIT,17,24,71
2023_07_SF_MIN,MIN,SF,22,17,77
2023_07_WAS_NYG,NYG,WAS,14,7,50
2023_08_ATL_TEN,TEN,ATL,28,23,82
2023_08_BAL_ARI,ARI,BAL,24,31,77
2023_08_CHI_LAC,LAC,CHI,30,13,43
2023_08_CIN_SF,SF,CIN,17,31,55
2023_08_CLE_SEA,SEA,CLE,24,20,83
2023_08_HOU_CAR,CAR,HOU,15,13,87
2023_08_JAX_PIT,PIT,JAX,10,20,50
2023_08_KC_DEN,DEN,KC,24,9,38
2023_08_LA_DAL,DAL,LA,43,20,47
2023_08_LV_DET,DET,LV,26,14,54
2023_08_MIN_GB,GB,MIN,10,24,42
2023_08_NE_MIA,MIA,NE,31,17,55
2023_08_NO_IND,IND,NO,27,38,71
2023_08_NYJ_NYG,NYG,NYJ,10,13,77
2023_08_PHI_WAS,WAS,PHI,31,38,82
2023_08_TB_BUF,BUF,TB,24,18,75
2023_09_ARI_CLE,CLE,ARI,27,0,0
2023_09_BUF_CIN,CIN,BUF,24,18,75
2023_09_CHI_NO,NO,CHI,24,17,71
2023_09_DAL_PHI,PHI,DAL,28,23,82
2023_09_IND_CAR,CAR,IND,13,27,48
2023_09_LA_GB,GB,LA,20,3,15
2023_09_LAC_NYJ,NYJ,LAC,6,27,22
2023_09_MIA_KC,KC,MIA,21,14,67
2023_09_MIN_ATL,ATL,MIN,28,31,90
2023_09_NYG_LV,LV,NYG,30,6,20
2023_09_SEA_BAL,BAL,SEA,37,3,8
2023_09_TB_HOU,HOU,TB,39,37,95
2023_09_TEN_PIT,PIT,TEN,20,16,80
2023_09_WAS_NE,NE,WAS,17,20,85
2023_10_ATL_ARI,ARI,ATL,25,23,92
2023_10_CAR_CHI,CHI,CAR,16,13,81
2023_10_CLE_BAL,BAL,CLE,31,33,94
2023_10_DEN_BUF,BUF,DEN,22,24,92
2023_10_DET_LAC,LAC,DET,38,41,93
2023_10_GB_PIT,PIT,GB,23,19,83
2023_10_HOU_CIN,CIN,HOU,27,30,90
2023_10_IND_NE,NE,IND,6,10,60
2023_10_NO_MIN,MIN,NO,27,19,70
2023_10_NYG_DAL,DAL,NYG,49,17,35
2023_10_NYJ_LV,LV,NYJ,16,12,75
2023_10_SF_JAX,JAX,SF,3,34,9
2023_10_TEN_TB,TB,TEN,20,6,30
2023_10_WAS_SEA,SEA,WAS,29,26,90
2023_11_ARI_HOU,HOU,ARI,21,16,76
2023_11_CHI_DET,DET,CHI,31,26,84
2023_11_CIN_BAL,BAL,CIN,34,20,59
2023_11_DAL_CAR,CAR,DAL,10,33,30
2023_11_LAC_GB,GB,LAC,23,20,87
2023_11_LV_MIA,MIA,LV,20,13,65
2023_11_MIN_DEN,DEN,MIN,21,20,95
2023_11_NYG_WAS,WAS,NYG,19,31,61
2023_11_NYJ_BUF,BUF,NYJ,32,6,19
2023_11_PHI_KC,KC,PHI,17,21,81
2023_11_PIT_CLE,CLE,PIT,13,10,77
2023_11_SEA_LA,LA,SEA,17,16,94
2023_11_TB_SF,SF,TB,27,14,52
2023_11_TEN_JAX,JAX,TEN,34,14,41
2023_12_BAL_LAC,LAC,BAL,10,20,50
2023_12_BUF_PHI,PHI,BUF,37,34,92
2023_12_CAR_TEN,TEN,CAR,17,10,59
2023_12_CHI_MIN,MIN,CHI,10,12,83
2023_12_CLE_DEN,DEN,CLE,29,12,41
2023_12_GB_DET,DET,GB,22,29,76
2023_12_JAX_HOU,HOU,JAX,21,24,88
2023_12_KC_LV,LV,KC,17,31,55
2023_12_LA_ARI,ARI,LA,14,37,38
2023_12_MIA_NYJ,NYJ,MIA,13,34,38
2023_12_NE_NYG,NYG,NE,10,7,70
2023_12_NO_ATL,ATL,NO,24,15,63
2023_12_PIT_CIN,CIN,PIT,10,16,63
2023_12_SF_SEA,SEA,SF,13,31,42
2023_12_TB_IND,IND,TB,27,20,74
2023_12_WAS_DAL,DAL,WAS,45,10,22
2023_13_ARI_PIT,PIT,ARI,10,24,42
2023_13_ATL_NYJ,NYJ,ATL,8,13,62
2023_13_CAR_TB,TB,CAR,21,18,86
2023_13_CIN_JAX,JAX,CIN,31,34,91
2023_13_CLE_LA,LA,CLE,36,19,53
2023_13_DEN_HOU,HOU,DEN,22,17,77
2023_13_DET_NO,NO,DET,28,33,85
2023_13_IND_TEN,TEN,IND,28,31,90
2023_13_KC_GB,GB,KC,27,19,70
2023_13_LAC_NE,NE,LAC,0,6,0
2023_13_MIA_WAS,WAS,MIA,15,45,33
2023_13_SEA_DAL,DAL,SEA,41,35,85
2023_13_SF_PHI,PHI,SF,19,42,45
2023_14_BUF_KC,KC,BUF,17,20,85
2023_14_CAR_NO,NO,CAR,28,6,21
2023_14_DEN_LAC,LAC,DEN,7,24,29
2023_14_DET_CHI,CHI,DET,28,13,46
2023_14_GB_NYG,NYG,GB,24,22,92
2023_14_HOU_NYJ,NYJ,HOU,30,6,20
2023_14_IND_CIN,CIN,IND,34,14,41
2023_14_JAX_CLE,CLE,JAX,31,27,87
2023_14_LA_BAL,BAL,LA,37,31,84
2023_14_MIN_LV,LV,MIN,0,3,0
2023_14_NE_PIT,PIT,NE,18,21,86
2023_14_PHI_DAL,DAL,PHI,33,13,39
2023_14_SEA_SF,SF,SEA,28,16,57
2023_14_TB_ATL,ATL,TB,25,29,86
2023_14_TEN_MIA,MIA,TEN,27,28,96
2023_15_ATL_CAR,CAR,ATL,9,7,78
2023_15_BAL_JAX,JAX,BAL,7,23,30
2023_15_CHI_CLE,CLE,CHI,20,17,85
2023_15_DAL_BUF,BUF,DAL,31,10,32
2023_15_DEN_DET,DET,DEN,42,17,40
2023_15_HOU_TEN,TEN,HOU,16,19,84
2023_15_KC_NE,NE,KC,17,27,63
2023_15_LAC_LV,LV,LAC,63,21,33
2023_15_MIN_CIN,CIN,MIN,27,24,89
2023_15_NYG_NO,NO,NYG,24,6,25
2023_15_NYJ_MIA,MIA,NYJ,30,0,0
2023_15_PHI_SEA,SEA,PHI,20,17,85
2023_15_PIT_IND,IND,PIT,30,13,43
2023_15_SF_ARI,ARI,SF,29,45,64
2023_15_TB_GB,GB,TB,20,34,59
2023_15_WAS_LA,LA,WAS,28,20,71
2023_16_ARI_CHI,CHI,ARI,27,16,59
2023_16_BAL_SF,SF,BAL,19,33,58
2023_16_BUF_LAC,LAC,BUF,22,24,92
2023_16_CIN_PIT,PIT,CIN,34,11,32
2023_16_CLE_HOU,HOU,CLE,22,36,61
2023_16_DAL_MIA,MIA,DAL,22,20,91
2023_16_DET_MIN,MIN,DET,24,30,80
2023_16_GB_CAR,CAR,GB,30,33,91
2023_16_IND_ATL,ATL,IND,29,10,34
2023_16_JAX_TB,TB,JAX,30,12,40
2023_16_LV_KC,KC,LV,14,20,70
2023_16_NE_DEN,DEN,NE,23,26,88
2023_16_NO_LA,LA,NO,30,22,73
2023_16_NYG_PHI,PHI,NYG,33,25,76
2023_16_SEA_TEN,TEN,SEA,17,20,85
2023_16_WAS_NYJ,NYJ,WAS,30,28,93
2023_17_ARI_PHI,PHI,ARI,31,35,89
2023_17_ATL_CHI,CHI,ATL,37,17,46
2023_17_CAR_JAX,JAX,CAR,26,0,0
2023_17_CIN_KC,KC,CIN,25,17,68
2023_17_DET_DAL,DAL,DET,20,19,95
2023_17_GB_MIN,MIN,GB,10,33,30
2023_17_LA_NYG,NYG,LA,25,26,96
2023_17_LAC_DEN,DEN,LAC,16,9,56
2023_17_LV_IND,IND,LV,23,20,87
2023_17_MIA_BAL,BAL,MIA,56,19,34
2023_17_NE_BUF,BUF,NE,27,21,78
2023_17_NO_TB,TB,NO,13,23,57
2023_17_NYJ_CLE,CLE,NYJ,37,20,54
2023_17_PIT_SEA,SEA,PIT,23,30,77
2023_17_SF_WAS,WAS,SF,10,27,37
2023_17_TEN_HOU,HOU,TEN,26,3,12
2023_18_ATL_NO,NO,ATL,48,17,35
2023_18_BUF_MIA,MIA,BUF,14,21,67
2023_18_CHI_GB,GB,CHI,17,9,53
2023_18_CLE_CIN,CIN,CLE,31,14,45
2023_18_DAL_WAS,WAS,DAL,10,38,26
2023_18_DEN_LV,LV,DEN,27,14,52
2023_18_HOU_IND,IND,HOU,19,23,83
2023_18_JAX_TEN,TEN,JAX,28,20,71
2023_18_KC_LAC,LAC,KC,12,13,92
2023_18_LA_SF,SF,LA,20,21,95
2023_18_MIN_DET,DET,MIN,30,20,67
2023_18_NYJ_NE,NE,NYJ,3,17,18
2023_18_PHI_NYG,NYG,PHI,27,10,37
2023_18_PIT_BAL,BAL,PIT,10,17,59
2023_18_SEA_ARI,ARI,SEA,20,21,95
2023_18_TB_CAR,CAR,TB,0,9,0
2023_19_CLE_HOU,HOU,CLE,45,14,31
2023_19_GB_DAL,DAL,GB,32,48,67
2023_19_LA_DET,DET,LA,24,23,96
2023_19_MIA_KC,KC,MIA,26,7,27
2023_19_PHI_TB,TB,PHI,32,9,28
2023_19_PIT_BUF,BUF,PIT,31,17,55
2023_20_GB_SF,SF,GB,24,21,88
2023_20_HOU_BAL,BAL,HOU,34,10,29
2023_20_KC_BUF,BUF,KC,24,27,89
2023_20_TB_DET,DET,TB,31,23,74
2023_21_DET_SF,SF,DET,34,31,91
2023_21_KC_BAL,BAL,KC,10,17,59
2023_22_SF_KC,KC,SF,25,22,88